sample_id,sanger_sample_id,ena_sample_accession
NG-1-11,GbS9250974,ERS11885484
NG-1-15,GbS9250978,ERS11885485
NG-1-23,GbS9250986,ERS11885486
NG-1-25,GbS9250988,ERS11885487
NG-1-26,GbS9250989,ERS11885488
NG-1-30,GbS9250993,ERS11885489
NG-1-32,GbS9250995,ERS11885490
NG-1-49,GbS9251012,ERS11885491
NG-1-50,GbS9251013,ERS11885492
NG-1-75,GbS9251038,ERS11885493
NG-1-76,GbS9251039,ERS11885494
NG-1-81,GbS9251044,ERS11885495
NG-2-22,GbS9251087,ERS11885496
NG-2-25,GbS9251092,ERS11885497
NG-2-59,GbS9251136,ERS11885498
NG-4-14,GbS9251168,ERS11885499
NG-4-50,GbS9251204,ERS11885500
NG-4-78,GbS9251232,ERS11885501
NG-3-4,GbS9251254,ERS11885502
NG-3-9,GbS9251259,ERS11885503
NG-3-16,GbS9251266,ERS11885504
NG-3-53,GbS9251304,ERS11885505
NG-3-65,GbS9251318,ERS11885506
NG-3-68,GbS9251321,ERS11885507
NG-3-74,GbS9251328,ERS11885508
NG-3-81,GbS9251336,ERS11885509
NG-3-88,GbS9251344,ERS11885510
NG-3-89,GbS9251345,ERS11885511
NG-5-85,GbS9251430,ERS11885512
NG-6-10,GbS9251451,ERS11885513
NG-6-11,GbS9251452,ERS11885514
NG-6-12,GbS9251453,ERS11885515
NG-6-33,GbS9251474,ERS11885516
NG-6-34,GbS9251475,ERS11885517
NG-6-53,GbS9251494,ERS11885518
NG-6-83,GbS9251524,ERS11885519
VBS17530,GbS9284573,TBC
VBS17536,GbS9284579,TBC
MADA2-3,GbS9284711,TBC
MADA2-6,GbS9284714,TBC
MADA2-10,GbS9284718,TBC
MADA2-11,GbS9284719,TBC
MADA2-12,GbS9284720,TBC
MADA2-13,GbS9284721,TBC
MADA2-17,GbS9284725,TBC
MADA2-21,GbS9284729,TBC
MADA2-22,GbS9284730,TBC
MADA2-23,GbS9284731,TBC
MADA2-26,GbS9284734,TBC
MADA2-27,GbS9284735,TBC
MADA2-30,GbS9284738,TBC
MADA2-53,GbS9284743,TBC
MADA2-57,GbS9284747,TBC
MADA2-63,GbS9284753,TBC
MADA2-66,GbS9284756,TBC
MADA2-69,GbS9284759,TBC
MADA2-70,GbS9284760,TBC
MADA2-71,GbS9284761,TBC
MADA2-77,GbS9284767,TBC
MADA2-78,GbS9284768,TBC
MADA3-10,GbS9284782,TBC
MADA3-11,GbS9284783,TBC
MADA3-15,GbS9284787,TBC
MADA3-21,GbS9284793,TBC
MADA3-22,GbS9284794,TBC
MADA3-23,GbS9284795,TBC
MADA3-27,GbS9284799,TBC
MADA3-28,GbS9284800,TBC
MADA3-29,GbS9284801,TBC
MADA3-33,GbS9284805,TBC
MADA3-35,GbS9284807,TBC
MADA3-36,GbS9284808,TBC
MADA3-39,GbS9284811,TBC
MADA3-46,GbS9284818,TBC
MADA3-49,GbS9284821,TBC
MADA3-50,GbS9284822,TBC
MADA3-51,GbS9284823,TBC
MADA3-54,GbS9284826,TBC
MADA3-55,GbS9284827,TBC
MADA3-59,GbS9284831,TBC
MADA3-61,GbS9284833,TBC
MADA3-62,GbS9284834,TBC
MADA3-63,GbS9284835,TBC
MADA3-66,GbS9284838,TBC
MADA3-67,GbS9284839,TBC
MADA3-68,GbS9284840,TBC
MADA3-69,GbS9284841,TBC
MADA3-71,GbS9284843,TBC
MADA3-74,GbS9284846,TBC
MADA3-75,GbS9284847,TBC
MADA3-78,GbS9284850,TBC
DN806189N_G12,ANOSPP10250435,ERS6471667
DN806190G_G12,ANOSPP10250531,ERS6471861
DN806192I_G12,ANOSPP10250723,ERS6472149
DN806193J_C3,ANOSPP10250743,ERS6472178
DN806193J_G6,ANOSPP10250771,ERS6472214
DN806193J_E8,ANOSPP10250785,ERS6472238
DN806193J_B9,ANOSPP10250790,ERS6472245
DN806193J_C9,ANOSPP10250791,ERS6472246
DN806193J_A10,ANOSPP10250797,ERS6472253
DN806193J_C10,ANOSPP10250799,ERS6472255
DN806193J_H10,ANOSPP10250804,ERS6472263
DN806193J_D12,ANOSPP10250816,ERS6472325
DN806193J_G12,ANOSPP10250819,ERS6472269
DN806195L_A12,ANOSPP10251005,ERS6472568
DN806195L_B12,ANOSPP10251006,ERS6472570
DN806195L_C12,ANOSPP10251007,ERS6472572
DN806195L_D12,ANOSPP10251008,ERS6472573
DN806195L_E12,ANOSPP10251009,ERS6472574
DN806195L_F12,ANOSPP10251010,ERS6472576
DN806195L_G12,ANOSPP10251011,ERS6472579
DN806203R_G12,ANOSPP10251779,ERS6473700
DN806204S_A1,ANOSPP10251781,ERS6473706
DN806204S_B1,ANOSPP10251782,ERS6473703
DN806204S_C1,ANOSPP10251783,ERS6473707
DN806204S_D1,ANOSPP10251784,ERS6473709
DN806204S_E1,ANOSPP10251785,ERS6473711
DN806204S_F1,ANOSPP10251786,ERS6473713
DN806204S_G1,ANOSPP10251787,ERS6473715
DN806204S_H1,ANOSPP10251788,ERS6473716
DN806204S_A2,ANOSPP10251789,ERS6473717
DN806204S_B2,ANOSPP10251790,ERS6473719
DN806204S_C2,ANOSPP10251791,ERS6473720
DN806204S_D2,ANOSPP10251792,ERS6473721
DN806204S_E2,ANOSPP10251793,ERS6473722
DN806204S_F2,ANOSPP10251794,ERS6473723
DN806204S_G2,ANOSPP10251795,ERS6473724
DN806204S_H2,ANOSPP10251796,ERS6473725
DN806204S_A3,ANOSPP10251797,ERS6473727
DN806204S_B3,ANOSPP10251798,ERS6473728
DN806204S_C3,ANOSPP10251799,ERS6473731
DN806204S_D3,ANOSPP10251800,ERS6473732
DN806204S_E3,ANOSPP10251801,ERS6473734
DN806204S_F3,ANOSPP10251802,ERS6473739
DN806204S_G3,ANOSPP10251803,ERS6473737
DN806204S_H3,ANOSPP10251804,ERS6473741
DN806204S_A4,ANOSPP10251805,ERS6473742
DN806204S_B4,ANOSPP10251806,ERS6473743
DN806204S_C4,ANOSPP10251807,ERS6473744
DN806204S_D4,ANOSPP10251808,ERS6473746
DN806204S_E4,ANOSPP10251809,ERS6473749
DN806204S_F4,ANOSPP10251810,ERS6473751
DN806204S_G4,ANOSPP10251811,ERS6473752
DN806204S_H4,ANOSPP10251812,ERS6473753
DN806204S_A5,ANOSPP10251813,ERS6473755
DN806204S_B5,ANOSPP10251814,ERS6473757
DN806204S_C5,ANOSPP10251815,ERS6473759
DN806204S_D5,ANOSPP10251816,ERS6473760
DN806204S_E5,ANOSPP10251817,ERS6473763
DN806204S_F5,ANOSPP10251818,ERS6473782
DN806204S_G5,ANOSPP10251819,ERS6473784
DN806204S_H5,ANOSPP10251820,ERS6473786
DN806204S_A6,ANOSPP10251821,ERS6473788
DN806204S_B6,ANOSPP10251822,ERS6473790
DN806204S_C6,ANOSPP10251823,ERS6473792
DN806204S_D6,ANOSPP10251824,ERS6473794
DN806204S_E6,ANOSPP10251825,ERS6473796
DN806204S_F6,ANOSPP10251826,ERS6473798
DN806204S_G6,ANOSPP10251827,ERS6473800
DN806204S_H6,ANOSPP10251828,ERS6473802
DN806204S_A7,ANOSPP10251829,ERS6473801
DN806204S_B7,ANOSPP10251830,ERS6473805
DN806204S_C7,ANOSPP10251831,ERS6473807
DN806204S_D7,ANOSPP10251832,ERS6473810
DN806204S_E7,ANOSPP10251833,ERS6473811
DN806204S_F7,ANOSPP10251834,ERS6473813
DN806204S_G7,ANOSPP10251835,ERS6473816
DN806204S_H7,ANOSPP10251836,ERS6473815
DN806204S_A8,ANOSPP10251837,ERS6473818
DN806204S_B8,ANOSPP10251838,ERS6473819
DN806204S_C8,ANOSPP10251839,ERS6473821
DN806204S_D8,ANOSPP10251840,ERS6473825
DN806204S_E8,ANOSPP10251841,ERS6473764
DN806204S_F8,ANOSPP10251842,ERS6473765
DN806204S_G8,ANOSPP10251843,ERS6473766
DN806204S_H8,ANOSPP10251844,ERS6473768
DN806204S_A9,ANOSPP10251845,ERS6473769
DN806204S_B9,ANOSPP10251846,ERS6473771
DN806204S_C9,ANOSPP10251847,ERS6473773
DN806204S_D9,ANOSPP10251848,ERS6473774
DN806204S_E9,ANOSPP10251849,ERS6473775
DN806204S_F9,ANOSPP10251850,ERS6473778
DN806204S_G9,ANOSPP10251851,ERS6473779
DN806204S_H9,ANOSPP10251852,ERS6473780
DN806204S_A10,ANOSPP10251853,ERS6473822
DN806204S_B10,ANOSPP10251854,ERS6473826
DN806204S_C10,ANOSPP10251855,ERS6473828
DN806204S_D10,ANOSPP10251856,ERS6473829
DN806204S_E10,ANOSPP10251857,ERS6473831
DN806204S_F10,ANOSPP10251858,ERS6473832
DN806204S_G10,ANOSPP10251859,ERS6473834
DN806204S_H10,ANOSPP10251860,ERS6473835
DN806204S_A11,ANOSPP10251861,ERS6473836
DN806204S_B11,ANOSPP10251862,ERS6473839
DN806204S_C11,ANOSPP10251863,ERS6473840
DN806204S_D11,ANOSPP10251864,ERS6473841
DN806204S_E11,ANOSPP10251865,ERS6473842
DN806204S_F11,ANOSPP10251866,ERS6473844
DN806204S_G11,ANOSPP10251867,ERS6473845
DN806204S_H11,ANOSPP10251868,ERS6473848
DN806204S_A12,ANOSPP10251869,ERS6473850
DN806204S_B12,ANOSPP10251870,ERS6473854
DN806204S_C12,ANOSPP10251871,ERS6473852
DN806204S_D12,ANOSPP10251872,ERS6473856
DN806204S_E12,ANOSPP10251873,ERS6473857
DN806204S_F12,ANOSPP10251874,ERS6473858
DN806231V_A1,ANOSPP10253413,ERS7021316
DN806231V_B1,ANOSPP10253414,ERS7021314
DN806231V_C1,ANOSPP10253415,ERS7021318
DN806231V_D1,ANOSPP10253416,ERS7021320
DN806231V_E1,ANOSPP10253417,ERS7021322
DN806231V_F1,ANOSPP10253418,ERS7021324
DN806231V_G1,ANOSPP10253419,ERS7021325
DN806231V_H1,ANOSPP10253420,ERS7021327
DN806231V_A2,ANOSPP10253421,ERS7021329
DN806231V_B2,ANOSPP10253422,ERS7021331
DN806231V_C2,ANOSPP10253423,ERS7021333
DN806231V_D2,ANOSPP10253424,ERS7021335
DN806231V_E2,ANOSPP10253425,ERS7021337
DN806231V_F2,ANOSPP10253426,ERS7021339
DN806231V_G2,ANOSPP10253427,ERS7021342
DN806231V_H2,ANOSPP10253428,ERS7021344
DN806231V_A3,ANOSPP10253429,ERS7021346
DN806231V_B3,ANOSPP10253430,ERS7021347
DN806231V_C3,ANOSPP10253431,ERS7021350
DN806231V_D3,ANOSPP10253432,ERS7021351
DN806231V_E3,ANOSPP10253433,ERS7021353
DN806231V_F3,ANOSPP10253434,ERS7021355
DN806231V_G3,ANOSPP10253435,ERS7021357
DN806231V_H3,ANOSPP10253436,ERS7021359
DN806231V_A4,ANOSPP10253437,ERS7021362
DN806231V_B4,ANOSPP10253438,ERS7021363
DN806231V_C4,ANOSPP10253439,ERS7021366
DN806231V_D4,ANOSPP10253440,ERS7021367
DN806231V_E4,ANOSPP10253441,ERS7021370
DN806231V_F4,ANOSPP10253442,ERS7021371
DN806231V_G4,ANOSPP10253443,ERS7021374
DN806231V_H4,ANOSPP10253444,ERS7021375
DN806231V_A5,ANOSPP10253445,ERS7021377
DN806231V_B5,ANOSPP10253446,ERS7021378
DN806231V_C5,ANOSPP10253447,ERS7021381
DN806231V_D5,ANOSPP10253448,ERS7021383
DN806231V_E5,ANOSPP10253449,ERS7021385
DN806231V_F5,ANOSPP10253450,ERS7021388
DN806231V_G5,ANOSPP10253451,ERS7021389
DN806231V_H5,ANOSPP10253452,ERS7021392
DN806231V_A6,ANOSPP10253453,ERS7021393
DN806231V_B6,ANOSPP10253454,ERS7021395
DN806231V_C6,ANOSPP10253455,ERS7021397
DN806231V_D6,ANOSPP10253456,ERS7021399
DN806231V_E6,ANOSPP10253457,ERS7021401
DN806231V_F6,ANOSPP10253458,ERS7021403
DN806231V_G6,ANOSPP10253459,ERS7021405
DN806231V_H6,ANOSPP10253460,ERS7021408
DN806231V_A7,ANOSPP10253461,ERS7021409
DN806231V_B7,ANOSPP10253462,ERS7021410
DN806231V_C7,ANOSPP10253463,ERS7021412
DN806231V_D7,ANOSPP10253464,ERS7021414
DN806231V_E7,ANOSPP10253465,ERS7021416
DN806231V_F7,ANOSPP10253466,ERS7021418
DN806231V_G7,ANOSPP10253467,ERS7021421
DN806231V_H7,ANOSPP10253468,ERS7021422
DN806231V_A8,ANOSPP10253469,ERS7021423
DN806231V_B8,ANOSPP10253470,ERS7021425
DN806231V_C8,ANOSPP10253471,ERS7021427
DN806231V_D8,ANOSPP10253472,ERS7021429
DN806231V_E8,ANOSPP10253473,ERS7021432
DN806231V_F8,ANOSPP10253474,ERS7021433
DN806231V_G8,ANOSPP10253475,ERS7021436
DN806231V_H8,ANOSPP10253476,ERS7021435
DN806231V_A9,ANOSPP10253477,ERS7021438
DN806231V_B9,ANOSPP10253478,ERS7021440
DN806231V_C9,ANOSPP10253479,ERS7021441
DN806231V_D9,ANOSPP10253480,ERS7021443
DN806231V_E9,ANOSPP10253481,ERS7021445
DN806231V_F9,ANOSPP10253482,ERS7021447
DN806231V_G9,ANOSPP10253483,ERS7021448
DN806231V_H9,ANOSPP10253484,ERS7021449
DN806231V_A10,ANOSPP10253485,ERS7021451
DN806231V_B10,ANOSPP10253486,ERS7021452
DN806231V_C10,ANOSPP10253487,ERS7021453
DN806231V_D10,ANOSPP10253488,ERS7021454
DN806231V_E10,ANOSPP10253489,ERS7021457
DN806231V_F10,ANOSPP10253490,ERS7021458
DN806231V_G10,ANOSPP10253491,ERS7021459
DN806231V_H10,ANOSPP10253492,ERS7021460
DN806231V_A11,ANOSPP10253493,ERS7021461
DN806231V_B11,ANOSPP10253494,ERS7021462
DN806231V_C11,ANOSPP10253495,ERS7021464
DN806231V_D11,ANOSPP10253496,ERS7021465
DN806231V_E11,ANOSPP10253497,ERS7021466
DN806231V_F11,ANOSPP10253498,ERS7021468
DN806231V_G11,ANOSPP10253499,ERS7021470
DN806231V_H11,ANOSPP10253500,ERS7021474
DN806231V_A12,ANOSPP10253501,ERS7021473
DN806231V_B12,ANOSPP10253502,ERS7021493
DN806231V_C12,ANOSPP10253503,ERS7021494
DN806231V_D12,ANOSPP10253504,ERS7021495
DN806231V_E12,ANOSPP10253505,ERS7021497
DN806231V_F12,ANOSPP10253506,ERS7021499
DN806231V_G12,ANOSPP10253507,ERS7021501
DN806231V_H12,ANOSPP10253508,ERS7021503
DN806233A_A1,ANOSPP10253605,ERS7021653
DN806233A_B1,ANOSPP10253606,ERS7021654
DN806233A_C1,ANOSPP10253607,ERS7021656
DN806233A_D1,ANOSPP10253608,ERS7021657
DN806233A_E1,ANOSPP10253609,ERS7021658
DN806233A_F1,ANOSPP10253610,ERS7021661
DN806233A_G1,ANOSPP10253611,ERS7021662
DN806233A_H1,ANOSPP10253612,ERS7021663
DN806233A_A2,ANOSPP10253613,ERS7021664
DN806233A_B2,ANOSPP10253614,ERS7021666
DN806233A_C2,ANOSPP10253615,ERS7021668
DN806233A_D2,ANOSPP10253616,ERS7021670
DN806233A_E2,ANOSPP10253617,ERS7021671
DN806233A_F2,ANOSPP10253618,ERS7021672
DN806233A_G2,ANOSPP10253619,ERS7021674
DN806233A_H2,ANOSPP10253620,ERS7021675
DN806233A_A3,ANOSPP10253621,ERS7021677
DN806233A_B3,ANOSPP10253622,ERS7021678
DN806233A_C3,ANOSPP10253623,ERS7021680
DN806233A_D3,ANOSPP10253624,ERS7021681
DN806233A_E3,ANOSPP10253625,ERS7021682
DN806233A_F3,ANOSPP10253626,ERS7021685
DN806233A_G3,ANOSPP10253627,ERS7021686
DN806233A_H3,ANOSPP10253628,ERS7021688
DN806233A_A4,ANOSPP10253629,ERS7021689
DN806233A_B4,ANOSPP10253630,ERS7021690
DN806233A_C4,ANOSPP10253631,ERS7021691
DN806233A_D4,ANOSPP10253632,ERS7021693
DN806233A_E4,ANOSPP10253633,ERS7021694
DN806233A_F4,ANOSPP10253634,ERS7021696
DN806233A_G4,ANOSPP10253635,ERS7021697
DN806233A_H4,ANOSPP10253636,ERS7021699
DN806233A_A5,ANOSPP10253637,ERS7021701
DN806233A_B5,ANOSPP10253638,ERS7021702
DN806233A_C5,ANOSPP10253639,ERS7021705
DN806233A_D5,ANOSPP10253640,ERS7021707
DN806233A_E5,ANOSPP10253641,ERS7021708
DN806233A_F5,ANOSPP10253642,ERS7021710
DN806233A_G5,ANOSPP10253643,ERS7021711
DN806233A_H5,ANOSPP10253644,ERS7021713
DN806233A_A6,ANOSPP10253645,ERS7021714
DN806233A_B6,ANOSPP10253646,ERS7021716
DN806233A_C6,ANOSPP10253647,ERS7021718
DN806233A_D6,ANOSPP10253648,ERS7021719
DN806233A_E6,ANOSPP10253649,ERS7021722
DN806233A_F6,ANOSPP10253650,ERS7021723
DN806233A_G6,ANOSPP10253651,ERS7021725
DN806233A_H6,ANOSPP10253652,ERS7021726
DN806233A_A7,ANOSPP10253653,ERS7021727
DN806233A_B7,ANOSPP10253654,ERS7021729
DN806233A_C7,ANOSPP10253655,ERS7021730
DN806233A_D7,ANOSPP10253656,ERS7021731
DN806233A_E7,ANOSPP10253657,ERS7021733
DN806233A_F7,ANOSPP10253658,ERS7021735
DN806233A_G7,ANOSPP10253659,ERS7021736
DN806233A_H7,ANOSPP10253660,ERS7021738
DN806233A_A8,ANOSPP10253661,ERS7021740
DN806233A_B8,ANOSPP10253662,ERS7021743
DN806233A_C8,ANOSPP10253663,ERS7021744
DN806233A_D8,ANOSPP10253664,ERS7021746
DN806233A_E8,ANOSPP10253665,ERS7021748
DN806233A_F8,ANOSPP10253666,ERS7021750
DN806233A_G8,ANOSPP10253667,ERS7021753
DN806233A_H8,ANOSPP10253668,ERS7021755
DN806233A_A9,ANOSPP10253669,ERS7021756
DN806233A_B9,ANOSPP10253670,ERS7021758
DN806233A_C9,ANOSPP10253671,ERS7021760
DN806233A_D9,ANOSPP10253672,ERS7021762
DN806233A_E9,ANOSPP10253673,ERS7021763
DN806233A_F9,ANOSPP10253674,ERS7021765
DN806233A_G9,ANOSPP10253675,ERS7021766
DN806233A_H9,ANOSPP10253676,ERS7021768
DN806233A_A10,ANOSPP10253677,ERS7021769
DN806233A_B10,ANOSPP10253678,ERS7021771
DN806233A_C10,ANOSPP10253679,ERS7021772
DN806233A_D10,ANOSPP10253680,ERS7021774
DN806233A_E10,ANOSPP10253681,ERS7021776
DN806233A_F10,ANOSPP10253682,ERS7021775
DN806233A_G10,ANOSPP10253683,ERS7021779
DN806233A_H10,ANOSPP10253684,ERS7021780
DN806233A_A11,ANOSPP10253685,ERS7021782
DN806233A_B11,ANOSPP10253686,ERS7021783
DN806233A_C11,ANOSPP10253687,ERS7021785
DN806233A_D11,ANOSPP10253688,ERS7021786
DN806233A_E11,ANOSPP10253689,ERS7021789
DN806233A_F11,ANOSPP10253690,ERS7021790
DN806233A_G11,ANOSPP10253691,ERS7021792
DN806233A_H11,ANOSPP10253692,ERS7021794
DN806233A_A12,ANOSPP10253693,ERS7021796
DN806233A_B12,ANOSPP10253694,ERS7021798
DN806233A_C12,ANOSPP10253695,ERS7021800
DN806233A_D12,ANOSPP10253696,ERS7021802
DN806233A_E12,ANOSPP10253697,ERS7021804
DN806233A_F12,ANOSPP10253698,ERS7021806
DN806233A_G12,ANOSPP10253699,ERS7021807
DN806233A_H12,ANOSPP10253700,ERS7021808
DN806232W_A1,ANOSPP10253509,ERS7021505
DN806232W_B1,ANOSPP10253510,ERS7021507
DN806232W_C1,ANOSPP10253511,ERS7021509
DN806232W_D1,ANOSPP10253512,ERS7021511
DN806232W_E1,ANOSPP10253513,ERS7021513
DN806232W_F1,ANOSPP10253514,ERS7021515
DN806232W_G1,ANOSPP10253515,ERS7021518
DN806232W_H1,ANOSPP10253516,ERS7021519
DN806232W_A2,ANOSPP10253517,ERS7021475
DN806232W_B2,ANOSPP10253518,ERS7021478
DN806232W_C2,ANOSPP10253519,ERS7021479
DN806232W_D2,ANOSPP10253520,ERS7021481
DN806232W_E2,ANOSPP10253521,ERS7021484
DN806232W_F2,ANOSPP10253522,ERS7021486
DN806232W_G2,ANOSPP10253523,ERS7021487
DN806232W_H2,ANOSPP10253524,ERS7021489
DN806232W_A3,ANOSPP10253525,ERS7021491
DN806232W_B3,ANOSPP10253526,ERS7021521
DN806232W_C3,ANOSPP10253527,ERS7021523
DN806232W_D3,ANOSPP10253528,ERS7021525
DN806232W_E3,ANOSPP10253529,ERS7021528
DN806232W_F3,ANOSPP10253530,ERS7021530
DN806232W_G3,ANOSPP10253531,ERS7021531
DN806232W_H3,ANOSPP10253532,ERS7021533
DN806232W_A4,ANOSPP10253533,ERS7021535
DN806232W_B4,ANOSPP10253534,ERS7021537
DN806232W_C4,ANOSPP10253535,ERS7021539
DN806232W_D4,ANOSPP10253536,ERS7021541
DN806232W_E4,ANOSPP10253537,ERS7021543
DN806232W_F4,ANOSPP10253538,ERS7021546
DN806232W_G4,ANOSPP10253539,ERS7021547
DN806232W_H4,ANOSPP10253540,ERS7021549
DN806232W_A5,ANOSPP10253541,ERS7021551
DN806232W_B5,ANOSPP10253542,ERS7021554
DN806232W_C5,ANOSPP10253543,ERS7021555
DN806232W_D5,ANOSPP10253544,ERS7021557
DN806232W_E5,ANOSPP10253545,ERS7021559
DN806232W_F5,ANOSPP10253546,ERS7021561
DN806232W_G5,ANOSPP10253547,ERS7021562
DN806232W_H5,ANOSPP10253548,ERS7021564
DN806232W_A6,ANOSPP10253549,ERS7021566
DN806232W_B6,ANOSPP10253550,ERS7021568
DN806232W_C6,ANOSPP10253551,ERS7021570
DN806232W_D6,ANOSPP10253552,ERS7021572
DN806232W_E6,ANOSPP10253553,ERS7021575
DN806232W_F6,ANOSPP10253554,ERS7021577
DN806232W_G6,ANOSPP10253555,ERS7021578
DN806232W_H6,ANOSPP10253556,ERS7021579
DN806232W_A7,ANOSPP10253557,ERS7021580
DN806232W_B7,ANOSPP10253558,ERS7021582
DN806232W_C7,ANOSPP10253559,ERS7021584
DN806232W_D7,ANOSPP10253560,ERS7021585
DN806232W_E7,ANOSPP10253561,ERS7021587
DN806232W_F7,ANOSPP10253562,ERS7021588
DN806232W_G7,ANOSPP10253563,ERS7021590
DN806232W_H7,ANOSPP10253564,ERS7021591
DN806232W_A8,ANOSPP10253565,ERS7021593
DN806232W_B8,ANOSPP10253566,ERS7021594
DN806232W_C8,ANOSPP10253567,ERS7021596
DN806232W_D8,ANOSPP10253568,ERS7021597
DN806232W_E8,ANOSPP10253569,ERS7021599
DN806232W_F8,ANOSPP10253570,ERS7021600
DN806232W_G8,ANOSPP10253571,ERS7021602
DN806232W_H8,ANOSPP10253572,ERS7021603
DN806232W_A9,ANOSPP10253573,ERS7021605
DN806232W_B9,ANOSPP10253574,ERS7021606
DN806232W_C9,ANOSPP10253575,ERS7021608
DN806232W_D9,ANOSPP10253576,ERS7021610
DN806232W_E9,ANOSPP10253577,ERS7021612
DN806232W_F9,ANOSPP10253578,ERS7021614
DN806232W_G9,ANOSPP10253579,ERS7021616
DN806232W_H9,ANOSPP10253580,ERS7021615
DN806232W_A10,ANOSPP10253581,ERS7021618
DN806232W_B10,ANOSPP10253582,ERS7021620
DN806232W_C10,ANOSPP10253583,ERS7021621
DN806232W_D10,ANOSPP10253584,ERS7021623
DN806232W_E10,ANOSPP10253585,ERS7021624
DN806232W_F10,ANOSPP10253586,ERS7021626
DN806232W_G10,ANOSPP10253587,ERS7021627
DN806232W_H10,ANOSPP10253588,ERS7021629
DN806232W_A11,ANOSPP10253589,ERS7021632
DN806232W_B11,ANOSPP10253590,ERS7021631
DN806232W_C11,ANOSPP10253591,ERS7021633
DN806232W_D11,ANOSPP10253592,ERS7021635
DN806232W_E11,ANOSPP10253593,ERS7021636
DN806232W_F11,ANOSPP10253594,ERS7021637
DN806232W_G11,ANOSPP10253595,ERS7021640
DN806232W_H11,ANOSPP10253596,ERS7021639
DN806232W_A12,ANOSPP10253597,ERS7021641
DN806232W_B12,ANOSPP10253598,ERS7021643
DN806232W_C12,ANOSPP10253599,ERS7021644
DN806232W_D12,ANOSPP10253600,ERS7021646
DN806232W_E12,ANOSPP10253601,ERS7021647
DN806232W_F12,ANOSPP10253602,ERS7021648
DN806232W_G12,ANOSPP10253603,ERS7021650
DN806232W_H12,ANOSPP10253604,ERS7021651
DN806234B_A1,ANOSPP10253701,ERS7021811
DN806234B_B1,ANOSPP10253702,ERS7021810
DN806234B_C1,ANOSPP10253703,ERS7021813
DN806234B_D1,ANOSPP10253704,ERS7021814
DN806234B_E1,ANOSPP10253705,ERS7021815
DN806234B_F1,ANOSPP10253706,ERS7021817
DN806234B_G1,ANOSPP10253707,ERS7021818
DN806234B_H1,ANOSPP10253708,ERS7021820
DN806234B_A2,ANOSPP10253709,ERS7021822
DN806234B_B2,ANOSPP10253710,ERS7021824
DN806234B_C2,ANOSPP10253711,ERS7021826
DN806234B_D2,ANOSPP10253712,ERS7021827
DN806234B_E2,ANOSPP10253713,ERS7021829
DN806234B_F2,ANOSPP10253714,ERS7021831
DN806234B_G2,ANOSPP10253715,ERS7021832
DN806234B_H2,ANOSPP10253716,ERS7021833
DN806234B_A3,ANOSPP10253717,ERS7021835
DN806234B_B3,ANOSPP10253718,ERS7021836
DN806234B_C3,ANOSPP10253719,ERS7021838
DN806234B_D3,ANOSPP10253720,ERS7021839
DN806234B_E3,ANOSPP10253721,ERS7021841
DN806234B_F3,ANOSPP10253722,ERS7021842
DN806234B_G3,ANOSPP10253723,ERS7021844
DN806234B_H3,ANOSPP10253724,ERS7021846
DN806234B_A4,ANOSPP10253725,ERS7021847
DN806234B_B4,ANOSPP10253726,ERS7021848
DN806234B_C4,ANOSPP10253727,ERS7021850
DN806234B_D4,ANOSPP10253728,ERS7021852
DN806234B_E4,ANOSPP10253729,ERS7021853
DN806234B_F4,ANOSPP10253730,ERS7021855
DN806234B_G4,ANOSPP10253731,ERS7021856
DN806234B_H4,ANOSPP10253732,ERS7021858
DN806234B_A5,ANOSPP10253733,ERS7021859
DN806234B_B5,ANOSPP10253734,ERS7021860
DN806234B_C5,ANOSPP10253735,ERS7021862
DN806234B_D5,ANOSPP10253736,ERS7021863
DN806234B_E5,ANOSPP10253737,ERS7021864
DN806234B_F5,ANOSPP10253738,ERS7021865
DN806234B_G5,ANOSPP10253739,ERS7021867
DN806234B_H5,ANOSPP10253740,ERS7021869
DN806234B_A6,ANOSPP10253741,ERS7021871
DN806234B_B6,ANOSPP10253742,ERS7021873
DN806234B_C6,ANOSPP10253743,ERS7021876
DN806234B_D6,ANOSPP10253744,ERS7021877
DN806234B_E6,ANOSPP10253745,ERS7021879
DN806234B_F6,ANOSPP10253746,ERS7021881
DN806234B_G6,ANOSPP10253747,ERS7021882
DN806234B_H6,ANOSPP10253748,ERS7021884
DN806234B_A7,ANOSPP10253749,ERS7021883
DN806234B_B7,ANOSPP10253750,ERS7021886
DN806234B_C7,ANOSPP10253751,ERS7021887
DN806234B_D7,ANOSPP10253752,ERS7021889
DN806234B_E7,ANOSPP10253753,ERS7021890
DN806234B_F7,ANOSPP10253754,ERS7021892
DN806234B_G7,ANOSPP10253755,ERS7021893
DN806234B_H7,ANOSPP10253756,ERS7021895
DN806234B_A8,ANOSPP10253757,ERS7021897
DN806234B_B8,ANOSPP10253758,ERS7021899
DN806234B_C8,ANOSPP10253759,ERS7021901
DN806234B_D8,ANOSPP10253760,ERS7021902
DN806234B_E8,ANOSPP10253761,ERS7021904
DN806234B_F8,ANOSPP10253762,ERS7021906
DN806234B_G8,ANOSPP10253763,ERS7021908
DN806234B_H8,ANOSPP10253764,ERS7021909
DN806234B_A9,ANOSPP10253765,ERS7021936
DN806234B_B9,ANOSPP10253766,ERS7021937
DN806234B_C9,ANOSPP10253767,ERS7021939
DN806234B_D9,ANOSPP10253768,ERS7021941
DN806234B_E9,ANOSPP10253769,ERS7021943
DN806234B_F9,ANOSPP10253770,ERS7021946
DN806234B_G9,ANOSPP10253771,ERS7021947
DN806234B_H9,ANOSPP10253772,ERS7021948
DN806234B_A10,ANOSPP10253773,ERS7021910
DN806234B_B10,ANOSPP10253774,ERS7021913
DN806234B_C10,ANOSPP10253775,ERS7021914
DN806234B_D10,ANOSPP10253776,ERS7021916
DN806234B_E10,ANOSPP10253777,ERS7021918
DN806234B_F10,ANOSPP10253778,ERS7021919
DN806234B_G10,ANOSPP10253779,ERS7021920
DN806234B_H10,ANOSPP10253780,ERS7021923
DN806234B_A11,ANOSPP10253781,ERS7021924
DN806234B_B11,ANOSPP10253782,ERS7021925
DN806234B_C11,ANOSPP10253783,ERS7021928
DN806234B_D11,ANOSPP10253784,ERS7021929
DN806234B_E11,ANOSPP10253785,ERS7021930
DN806234B_F11,ANOSPP10253786,ERS7021932
DN806234B_G11,ANOSPP10253787,ERS7021934
DN806234B_H11,ANOSPP10253788,ERS7021950
DN806234B_A12,ANOSPP10253789,ERS7021951
DN806234B_B12,ANOSPP10253790,ERS7021953
DN806234B_C12,ANOSPP10253791,ERS7021955
DN806234B_D12,ANOSPP10253792,ERS7021956
DN806234B_E12,ANOSPP10253793,ERS7021957
DN806234B_F12,ANOSPP10253794,ERS7021960
DN806234B_G12,ANOSPP10253795,ERS7021961
DN806234B_H12,ANOSPP10253796,ERS7021963
DN806235C_A1,ANOSPP10253797,ERS7021965
DN806235C_B1,ANOSPP10253798,ERS7021966
DN806235C_C1,ANOSPP10253799,ERS7021968
DN806235C_D1,ANOSPP10253800,ERS7021970
DN806235C_E1,ANOSPP10253801,ERS7021973
DN806235C_F1,ANOSPP10253802,ERS7021972
DN806235C_G1,ANOSPP10253803,ERS7021975
DN806235C_H1,ANOSPP10253804,ERS7021976
DN806235C_A2,ANOSPP10253805,ERS7021977
DN806235C_B2,ANOSPP10253806,ERS7021979
DN806235C_C2,ANOSPP10253807,ERS7021980
DN806235C_D2,ANOSPP10253808,ERS7021982
DN806235C_E2,ANOSPP10253809,ERS7021983
DN806235C_F2,ANOSPP10253810,ERS7021985
DN806235C_G2,ANOSPP10253811,ERS7021986
DN806235C_H2,ANOSPP10253812,ERS7021988
DN806235C_A3,ANOSPP10253813,ERS7021990
DN806235C_B3,ANOSPP10253814,ERS7021991
DN806235C_C3,ANOSPP10253815,ERS7021993
DN806235C_D3,ANOSPP10253816,ERS7021994
DN806235C_E3,ANOSPP10253817,ERS7021996
DN806235C_F3,ANOSPP10253818,ERS7021998
DN806235C_G3,ANOSPP10253819,ERS7021999
DN806235C_H3,ANOSPP10253820,ERS7022001
DN806235C_A4,ANOSPP10253821,ERS7022003
DN806235C_B4,ANOSPP10253822,ERS7022005
DN806235C_C4,ANOSPP10253823,ERS7022007
DN806235C_D4,ANOSPP10253824,ERS7022009
DN806235C_E4,ANOSPP10253825,ERS7022011
DN806235C_F4,ANOSPP10253826,ERS7022012
DN806235C_G4,ANOSPP10253827,ERS7022014
DN806235C_H4,ANOSPP10253828,ERS7022015
DN806235C_A5,ANOSPP10253829,ERS7022017
DN806235C_B5,ANOSPP10253830,ERS7022018
DN806235C_C5,ANOSPP10253831,ERS7022020
DN806235C_D5,ANOSPP10253832,ERS7022021
DN806235C_E5,ANOSPP10253833,ERS7022024
DN806235C_F5,ANOSPP10253834,ERS7022025
DN806235C_G5,ANOSPP10253835,ERS7022026
DN806235C_H5,ANOSPP10253836,ERS7022028
DN806235C_A6,ANOSPP10253837,ERS7022029
DN806235C_B6,ANOSPP10253838,ERS7022030
DN806235C_C6,ANOSPP10253839,ERS7022031
DN806235C_D6,ANOSPP10253840,ERS7022032
DN806235C_E6,ANOSPP10253841,ERS7022033
DN806235C_F6,ANOSPP10253842,ERS7022034
DN806235C_G6,ANOSPP10253843,ERS7022035
DN806235C_H6,ANOSPP10253844,ERS7022036
DN806235C_A7,ANOSPP10253845,ERS7022038
DN806235C_B7,ANOSPP10253846,ERS7022039
DN806235C_C7,ANOSPP10253847,ERS7022041
DN806235C_D7,ANOSPP10253848,ERS7022042
DN806235C_E7,ANOSPP10253849,ERS7022044
DN806235C_F7,ANOSPP10253850,ERS7022045
DN806235C_G7,ANOSPP10253851,ERS7022046
DN806235C_H7,ANOSPP10253852,ERS7022048
DN806235C_A8,ANOSPP10253853,ERS7022049
DN806235C_B8,ANOSPP10253854,ERS7022051
DN806235C_C8,ANOSPP10253855,ERS7022052
DN806235C_D8,ANOSPP10253856,ERS7022054
DN806235C_E8,ANOSPP10253857,ERS7022056
DN806235C_F8,ANOSPP10253858,ERS7022057
DN806235C_G8,ANOSPP10253859,ERS7022058
DN806235C_H8,ANOSPP10253860,ERS7022060
DN806235C_A9,ANOSPP10253861,ERS7022061
DN806235C_B9,ANOSPP10253862,ERS7022063
DN806235C_C9,ANOSPP10253863,ERS7022065
DN806235C_D9,ANOSPP10253864,ERS7022066
DN806235C_E9,ANOSPP10253865,ERS7022067
DN806235C_F9,ANOSPP10253866,ERS7022069
DN806235C_G9,ANOSPP10253867,ERS7022070
DN806235C_H9,ANOSPP10253868,ERS7022072
DN806235C_A10,ANOSPP10253869,ERS7022074
DN806235C_B10,ANOSPP10253870,ERS7022075
DN806235C_C10,ANOSPP10253871,ERS7022078
DN806235C_D10,ANOSPP10253872,ERS7022079
DN806235C_E10,ANOSPP10253873,ERS7022081
DN806235C_F10,ANOSPP10253874,ERS7022082
DN806235C_G10,ANOSPP10253875,ERS7022084
DN806235C_H10,ANOSPP10253876,ERS7022085
DN806235C_A11,ANOSPP10253877,ERS7022087
DN806235C_B11,ANOSPP10253878,ERS7022088
DN806235C_C11,ANOSPP10253879,ERS7022090
DN806235C_D11,ANOSPP10253880,ERS7022092
DN806235C_E11,ANOSPP10253881,ERS7022094
DN806235C_F11,ANOSPP10253882,ERS7022095
DN806235C_G11,ANOSPP10253883,ERS7022098
DN806235C_H11,ANOSPP10253884,ERS7022099
DN806235C_A12,ANOSPP10253885,ERS7022101
DN806235C_B12,ANOSPP10253886,ERS7022102
DN806235C_C12,ANOSPP10253887,ERS7022103
DN806235C_D12,ANOSPP10253888,ERS7022105
DN806235C_E12,ANOSPP10253889,ERS7022106
DN806235C_F12,ANOSPP10253890,ERS7022107
DN806235C_G12,ANOSPP10253891,ERS7022109
DN806235C_H12,ANOSPP10253892,ERS7022139
DN806237E_A1,ANOSPP10253989,ERS7022266
DN806237E_B1,ANOSPP10253990,ERS7022268
DN806237E_C1,ANOSPP10253991,ERS7022269
DN806237E_D1,ANOSPP10253992,ERS7022270
DN806237E_E1,ANOSPP10253993,ERS7022272
DN806237E_F1,ANOSPP10253994,ERS7022273
DN806237E_G1,ANOSPP10253995,ERS7022275
DN806237E_H1,ANOSPP10253996,ERS7022276
DN806237E_A2,ANOSPP10253997,ERS7022278
DN806237E_B2,ANOSPP10253998,ERS7022279
DN806237E_C2,ANOSPP10253999,ERS7022281
DN806237E_D2,ANOSPP10254000,ERS7022282
DN806237E_E2,ANOSPP10254001,ERS7022286
DN806237E_F2,ANOSPP10254002,ERS7022284
DN806237E_G2,ANOSPP10254003,ERS7022287
DN806237E_H2,ANOSPP10254004,ERS7022289
DN806237E_A3,ANOSPP10254005,ERS7022290
DN806237E_B3,ANOSPP10254006,ERS7022292
DN806237E_C3,ANOSPP10254007,ERS7022293
DN806237E_D3,ANOSPP10254008,ERS7022295
DN806237E_E3,ANOSPP10254009,ERS7022296
DN806237E_F3,ANOSPP10254010,ERS7022298
DN806237E_G3,ANOSPP10254011,ERS7022299
DN806237E_H3,ANOSPP10254012,ERS7022301
DN806237E_A4,ANOSPP10254013,ERS7022302
DN806237E_B4,ANOSPP10254014,ERS7022304
DN806237E_C4,ANOSPP10254015,ERS7022306
DN806237E_D4,ANOSPP10254016,ERS7022307
DN806237E_E4,ANOSPP10254017,ERS7022309
DN806237E_F4,ANOSPP10254018,ERS7022311
DN806237E_G4,ANOSPP10254019,ERS7022312
DN806237E_H4,ANOSPP10254020,ERS7022313
DN806237E_A5,ANOSPP10254021,ERS7022315
DN806237E_B5,ANOSPP10254022,ERS7022317
DN806237E_C5,ANOSPP10254023,ERS7022339
DN806237E_D5,ANOSPP10254024,ERS7022341
DN806237E_E5,ANOSPP10254025,ERS7022344
DN806237E_F5,ANOSPP10254026,ERS7022345
DN806237E_G5,ANOSPP10254027,ERS7022347
DN806237E_H5,ANOSPP10254028,ERS7022349
DN806237E_A6,ANOSPP10254029,ERS7022318
DN806237E_B6,ANOSPP10254030,ERS7022320
DN806237E_C6,ANOSPP10254031,ERS7022322
DN806237E_D6,ANOSPP10254032,ERS7022324
DN806237E_E6,ANOSPP10254033,ERS7022326
DN806237E_F6,ANOSPP10254034,ERS7022328
DN806237E_G6,ANOSPP10254035,ERS7022330
DN806237E_H6,ANOSPP10254036,ERS7022332
DN806237E_A7,ANOSPP10254037,ERS7022334
DN806237E_B7,ANOSPP10254038,ERS7022336
DN806237E_C7,ANOSPP10254039,ERS7022338
DN806237E_D7,ANOSPP10254040,ERS7022350
DN806237E_E7,ANOSPP10254041,ERS7022353
DN806237E_F7,ANOSPP10254042,ERS7022354
DN806237E_G7,ANOSPP10254043,ERS7022355
DN806237E_H7,ANOSPP10254044,ERS7022357
DN806237E_A8,ANOSPP10254045,ERS7022359
DN806237E_B8,ANOSPP10254046,ERS7022360
DN806237E_C8,ANOSPP10254047,ERS7022362
DN806237E_D8,ANOSPP10254048,ERS7022363
DN806237E_E8,ANOSPP10254049,ERS7022365
DN806237E_F8,ANOSPP10254050,ERS7022367
DN806237E_G8,ANOSPP10254051,ERS7022368
DN806237E_H8,ANOSPP10254052,ERS7022370
DN806237E_A9,ANOSPP10254053,ERS7022371
DN806237E_B9,ANOSPP10254054,ERS7022373
DN806237E_C9,ANOSPP10254055,ERS7022375
DN806237E_D9,ANOSPP10254056,ERS7022376
DN806237E_E9,ANOSPP10254057,ERS7022378
DN806237E_F9,ANOSPP10254058,ERS7022380
DN806237E_G9,ANOSPP10254059,ERS7022383
DN806237E_H9,ANOSPP10254060,ERS7022384
DN806237E_A10,ANOSPP10254061,ERS7022385
DN806237E_B10,ANOSPP10254062,ERS7022387
DN806237E_C10,ANOSPP10254063,ERS7022388
DN806237E_D10,ANOSPP10254064,ERS7022390
DN806237E_E10,ANOSPP10254065,ERS7022391
DN806237E_F10,ANOSPP10254066,ERS7022393
DN806237E_G10,ANOSPP10254067,ERS7022394
DN806237E_H10,ANOSPP10254068,ERS7022396
DN806237E_A11,ANOSPP10254069,ERS7022397
DN806237E_B11,ANOSPP10254070,ERS7022399
DN806237E_C11,ANOSPP10254071,ERS7022400
DN806237E_D11,ANOSPP10254072,ERS7022401
DN806237E_E11,ANOSPP10254073,ERS7022402
DN806237E_F11,ANOSPP10254074,ERS7022404
DN806237E_G11,ANOSPP10254075,ERS7022406
DN806237E_H11,ANOSPP10254076,ERS7022408
DN806237E_A12,ANOSPP10254077,ERS7022410
DN806237E_B12,ANOSPP10254078,ERS7022412
DN806237E_C12,ANOSPP10254079,ERS7022414
DN806237E_D12,ANOSPP10254080,ERS7022416
DN806237E_E12,ANOSPP10254081,ERS7022417
DN806237E_F12,ANOSPP10254082,ERS7022420
DN806237E_G12,ANOSPP10254083,ERS7022422
DN806237E_H12,ANOSPP10254084,ERS7022423
DN806236D_A1,ANOSPP10253893,ERS7022140
DN806236D_B1,ANOSPP10253894,ERS7022141
DN806236D_C1,ANOSPP10253895,ERS7022142
DN806236D_D1,ANOSPP10253896,ERS7022145
DN806236D_E1,ANOSPP10253897,ERS7022146
DN806236D_F1,ANOSPP10253898,ERS7022148
DN806236D_G1,ANOSPP10253899,ERS7022150
DN806236D_H1,ANOSPP10253900,ERS7022152
DN806236D_A2,ANOSPP10253901,ERS7022111
DN806236D_B2,ANOSPP10253902,ERS7022113
DN806236D_C2,ANOSPP10253903,ERS7022114
DN806236D_D2,ANOSPP10253904,ERS7022116
DN806236D_E2,ANOSPP10253905,ERS7022117
DN806236D_F2,ANOSPP10253906,ERS7022119
DN806236D_G2,ANOSPP10253907,ERS7022120
DN806236D_H2,ANOSPP10253908,ERS7022122
DN806236D_A3,ANOSPP10253909,ERS7022123
DN806236D_B3,ANOSPP10253910,ERS7022125
DN806236D_C3,ANOSPP10253911,ERS7022126
DN806236D_D3,ANOSPP10253912,ERS7022128
DN806236D_E3,ANOSPP10253913,ERS7022129
DN806236D_F3,ANOSPP10253914,ERS7022131
DN806236D_G3,ANOSPP10253915,ERS7022132
DN806236D_H3,ANOSPP10253916,ERS7022134
DN806236D_A4,ANOSPP10253917,ERS7022136
DN806236D_B4,ANOSPP10253918,ERS7022137
DN806236D_C4,ANOSPP10253919,ERS7022154
DN806236D_D4,ANOSPP10253920,ERS7022156
DN806236D_E4,ANOSPP10253921,ERS7022159
DN806236D_F4,ANOSPP10253922,ERS7022160
DN806236D_G4,ANOSPP10253923,ERS7022162
DN806236D_H4,ANOSPP10253924,ERS7022164
DN806236D_A5,ANOSPP10253925,ERS7022166
DN806236D_B5,ANOSPP10253926,ERS7022168
DN806236D_C5,ANOSPP10253927,ERS7022170
DN806236D_D5,ANOSPP10253928,ERS7022171
DN806236D_E5,ANOSPP10253929,ERS7022172
DN806236D_F5,ANOSPP10253930,ERS7022174
DN806236D_G5,ANOSPP10253931,ERS7022175
DN806236D_H5,ANOSPP10253932,ERS7022177
DN806236D_A6,ANOSPP10253933,ERS7022179
DN806236D_B6,ANOSPP10253934,ERS7022180
DN806236D_C6,ANOSPP10253935,ERS7022181
DN806236D_D6,ANOSPP10253936,ERS7022183
DN806236D_E6,ANOSPP10253937,ERS7022184
DN806236D_F6,ANOSPP10253938,ERS7022186
DN806236D_G6,ANOSPP10253939,ERS7022188
DN806236D_H6,ANOSPP10253940,ERS7022190
DN806236D_A7,ANOSPP10253941,ERS7022191
DN806236D_B7,ANOSPP10253942,ERS7022192
DN806236D_C7,ANOSPP10253943,ERS7022194
DN806236D_D7,ANOSPP10253944,ERS7022196
DN806236D_E7,ANOSPP10253945,ERS7022197
DN806236D_F7,ANOSPP10253946,ERS7022198
DN806236D_G7,ANOSPP10253947,ERS7022200
DN806236D_H7,ANOSPP10253948,ERS7022202
DN806236D_A8,ANOSPP10253949,ERS7022203
DN806236D_B8,ANOSPP10253950,ERS7022204
DN806236D_C8,ANOSPP10253951,ERS7022205
DN806236D_D8,ANOSPP10253952,ERS7022207
DN806236D_E8,ANOSPP10253953,ERS7022208
DN806236D_F8,ANOSPP10253954,ERS7022210
DN806236D_G8,ANOSPP10253955,ERS7022211
DN806236D_H8,ANOSPP10253956,ERS7022213
DN806236D_A9,ANOSPP10253957,ERS7022214
DN806236D_B9,ANOSPP10253958,ERS7022215
DN806236D_C9,ANOSPP10253959,ERS7022218
DN806236D_D9,ANOSPP10253960,ERS7022219
DN806236D_E9,ANOSPP10253961,ERS7022221
DN806236D_F9,ANOSPP10253962,ERS7022222
DN806236D_G9,ANOSPP10253963,ERS7022224
DN806236D_H9,ANOSPP10253964,ERS7022226
DN806236D_A10,ANOSPP10253965,ERS7022227
DN806236D_B10,ANOSPP10253966,ERS7022230
DN806236D_C10,ANOSPP10253967,ERS7022231
DN806236D_D10,ANOSPP10253968,ERS7022232
DN806236D_E10,ANOSPP10253969,ERS7022234
DN806236D_F10,ANOSPP10253970,ERS7022236
DN806236D_G10,ANOSPP10253971,ERS7022238
DN806236D_H10,ANOSPP10253972,ERS7022240
DN806236D_A11,ANOSPP10253973,ERS7022242
DN806236D_B11,ANOSPP10253974,ERS7022244
DN806236D_C11,ANOSPP10253975,ERS7022245
DN806236D_D11,ANOSPP10253976,ERS7022246
DN806236D_E11,ANOSPP10253977,ERS7022248
DN806236D_F11,ANOSPP10253978,ERS7022249
DN806236D_G11,ANOSPP10253979,ERS7022251
DN806236D_H11,ANOSPP10253980,ERS7022252
DN806236D_A12,ANOSPP10253981,ERS7022254
DN806236D_B12,ANOSPP10253982,ERS7022255
DN806236D_C12,ANOSPP10253983,ERS7022257
DN806236D_D12,ANOSPP10253984,ERS7022258
DN806236D_E12,ANOSPP10253985,ERS7022260
DN806236D_F12,ANOSPP10253986,ERS7022262
DN806236D_G12,ANOSPP10253987,ERS7022263
DN806236D_H12,ANOSPP10253988,ERS7022264
DN806238F_A1,ANOSPP10254085,ERS7022425
DN806238F_B1,ANOSPP10254086,ERS7022428
DN806238F_C1,ANOSPP10254087,ERS7022430
DN806238F_D1,ANOSPP10254088,ERS7022431
DN806238F_E1,ANOSPP10254089,ERS7022434
DN806238F_F1,ANOSPP10254090,ERS7022436
DN806238F_G1,ANOSPP10254091,ERS7022438
DN806238F_H1,ANOSPP10254092,ERS7022440
DN806238F_A2,ANOSPP10254093,ERS7022442
DN806238F_B2,ANOSPP10254094,ERS7022444
DN806238F_C2,ANOSPP10254095,ERS7022446
DN806238F_D2,ANOSPP10254096,ERS7022448
DN806238F_E2,ANOSPP10254097,ERS7022450
DN806238F_F2,ANOSPP10254098,ERS7022452
DN806238F_G2,ANOSPP10254099,ERS7022454
DN806238F_H2,ANOSPP10254100,ERS7022458
DN806238F_A3,ANOSPP10254101,ERS7022455
DN806238F_B3,ANOSPP10254102,ERS7022460
DN806238F_C3,ANOSPP10254103,ERS7022462
DN806238F_D3,ANOSPP10254104,ERS7022464
DN806238F_E3,ANOSPP10254105,ERS7022466
DN806238F_F3,ANOSPP10254106,ERS7022468
DN806238F_G3,ANOSPP10254107,ERS7022470
DN806238F_H3,ANOSPP10254108,ERS7022472
DN806238F_A4,ANOSPP10254109,ERS7022474
DN806238F_B4,ANOSPP10254110,ERS7022476
DN806238F_C4,ANOSPP10254111,ERS7022478
DN806238F_D4,ANOSPP10254112,ERS7022480
DN806238F_E4,ANOSPP10254113,ERS7022482
DN806238F_F4,ANOSPP10254114,ERS7022483
DN806238F_G4,ANOSPP10254115,ERS7022485
DN806238F_H4,ANOSPP10254116,ERS7022486
DN806238F_A5,ANOSPP10254117,ERS7022489
DN806238F_B5,ANOSPP10254118,ERS7022488
DN806238F_C5,ANOSPP10254119,ERS7022491
DN806238F_D5,ANOSPP10254120,ERS7022493
DN806238F_E5,ANOSPP10254121,ERS7022496
DN806238F_F5,ANOSPP10254122,ERS7022497
DN806238F_G5,ANOSPP10254123,ERS7022499
DN806238F_H5,ANOSPP10254124,ERS7022501
DN806238F_A6,ANOSPP10254125,ERS7022503
DN806238F_B6,ANOSPP10254126,ERS7022505
DN806238F_C6,ANOSPP10254127,ERS7022507
DN806238F_D6,ANOSPP10254128,ERS7022509
DN806238F_E6,ANOSPP10254129,ERS7022511
DN806238F_F6,ANOSPP10254130,ERS7022512
DN806238F_G6,ANOSPP10254131,ERS7022514
DN806238F_H6,ANOSPP10254132,ERS7022515
DN806238F_A7,ANOSPP10254133,ERS7022517
DN806238F_B7,ANOSPP10254134,ERS7022518
DN806238F_C7,ANOSPP10254135,ERS7022520
DN806238F_D7,ANOSPP10254136,ERS7022521
DN806238F_E7,ANOSPP10254137,ERS7022524
DN806238F_F7,ANOSPP10254138,ERS7022527
DN806238F_G7,ANOSPP10254139,ERS7022528
DN806238F_H7,ANOSPP10254140,ERS7022530
DN806238F_A8,ANOSPP10254141,ERS7022533
DN806238F_B8,ANOSPP10254142,ERS7022532
DN806238F_C8,ANOSPP10254143,ERS7022534
DN806238F_D8,ANOSPP10254144,ERS7022537
DN806238F_E8,ANOSPP10254145,ERS7022539
DN806238F_F8,ANOSPP10254146,ERS7022541
DN806238F_G8,ANOSPP10254147,ERS7022543
DN806238F_H8,ANOSPP10254148,ERS7022542
DN806238F_A9,ANOSPP10254149,ERS7022547
DN806238F_B9,ANOSPP10254150,ERS7022548
DN806238F_C9,ANOSPP10254151,ERS7022550
DN806238F_D9,ANOSPP10254152,ERS7022582
DN806238F_E9,ANOSPP10254153,ERS7022584
DN806238F_F9,ANOSPP10254154,ERS7022586
DN806238F_G9,ANOSPP10254155,ERS7022588
DN806238F_H9,ANOSPP10254156,ERS7022590
DN806238F_A10,ANOSPP10254157,ERS7022552
DN806238F_B10,ANOSPP10254158,ERS7022554
DN806238F_C10,ANOSPP10254159,ERS7022556
DN806238F_D10,ANOSPP10254160,ERS7022558
DN806238F_E10,ANOSPP10254161,ERS7022560
DN806238F_F10,ANOSPP10254162,ERS7022561
DN806238F_G10,ANOSPP10254163,ERS7022564
DN806238F_H10,ANOSPP10254164,ERS7022566
DN806238F_A11,ANOSPP10254165,ERS7022568
DN806238F_B11,ANOSPP10254166,ERS7022570
DN806238F_C11,ANOSPP10254167,ERS7022572
DN806238F_D11,ANOSPP10254168,ERS7022574
DN806238F_E11,ANOSPP10254169,ERS7022575
DN806238F_F11,ANOSPP10254170,ERS7022578
DN806238F_G11,ANOSPP10254171,ERS7022580
DN806238F_H11,ANOSPP10254172,ERS7022581
DN806238F_A12,ANOSPP10254173,ERS7022592
DN806238F_B12,ANOSPP10254174,ERS7022594
DN806238F_C12,ANOSPP10254175,ERS7022595
DN806238F_D12,ANOSPP10254176,ERS7022598
DN806238F_E12,ANOSPP10254177,ERS7022599
DN806238F_F12,ANOSPP10254178,ERS7022601
DN806238F_G12,ANOSPP10254179,ERS7022603
DN806238F_H12,ANOSPP10254180,ERS7022605
DN806205T_A1,ANOSPP10251877,ERS6473865
DN806205T_B1,ANOSPP10251878,ERS6473866
DN806205T_C1,ANOSPP10251879,ERS6473870
DN806205T_D1,ANOSPP10251880,ERS6473868
DN806205T_E1,ANOSPP10251881,ERS6473871
DN806205T_F1,ANOSPP10251882,ERS6473874
DN806205T_G1,ANOSPP10251883,ERS6473875
DN806205T_H1,ANOSPP10251884,ERS6473876
DN806205T_A2,ANOSPP10251885,ERS6473878
DN806205T_B2,ANOSPP10251886,ERS6473880
DN806205T_C2,ANOSPP10251887,ERS6473882
DN806205T_D2,ANOSPP10251888,ERS6473885
DN806205T_E2,ANOSPP10251889,ERS6473886
DN806205T_F2,ANOSPP10251890,ERS6473887
DN806205T_G2,ANOSPP10251891,ERS6473888
DN806205T_H2,ANOSPP10251892,ERS6473889
DN806205T_A3,ANOSPP10251893,ERS6473891
DN806205T_B3,ANOSPP10251894,ERS6473893
DN806205T_C3,ANOSPP10251895,ERS6473895
DN806205T_D3,ANOSPP10251896,ERS6473897
DN806205T_E3,ANOSPP10251897,ERS6473898
DN806205T_F3,ANOSPP10251898,ERS6473901
DN806205T_G3,ANOSPP10251899,ERS6473902
DN806205T_H3,ANOSPP10251900,ERS6473903
DN806205T_A4,ANOSPP10251901,ERS6473904
DN806205T_B4,ANOSPP10251902,ERS6473905
DN806205T_C4,ANOSPP10251903,ERS6473907
DN806205T_D4,ANOSPP10251904,ERS6473909
DN806205T_E4,ANOSPP10251905,ERS6473910
DN806205T_F4,ANOSPP10251906,ERS6473911
DN806205T_G4,ANOSPP10251907,ERS6473912
DN806205T_H4,ANOSPP10251908,ERS6473913
DN806205T_A5,ANOSPP10251909,ERS6473914
DN806205T_B5,ANOSPP10251910,ERS6473915
DN806205T_C5,ANOSPP10251911,ERS6473916
DN806205T_D5,ANOSPP10251912,ERS6473918
DN806205T_E5,ANOSPP10251913,ERS6473919
DN806205T_F5,ANOSPP10251914,ERS6473921
DN806205T_G5,ANOSPP10251915,ERS6473922
DN806205T_H5,ANOSPP10251916,ERS6473923
DN806205T_A6,ANOSPP10251917,ERS6473924
DN806205T_B6,ANOSPP10251918,ERS6473926
DN806205T_C6,ANOSPP10251919,ERS6473928
DN806205T_D6,ANOSPP10251920,ERS6473929
DN806205T_E6,ANOSPP10251921,ERS6473931
DN806205T_F6,ANOSPP10251922,ERS6473932
DN806205T_G6,ANOSPP10251923,ERS6473934
DN806205T_H6,ANOSPP10251924,ERS6473935
DN806205T_A7,ANOSPP10251925,ERS6473936
DN806205T_B7,ANOSPP10251926,ERS6473937
DN806205T_C7,ANOSPP10251927,ERS6473938
DN806205T_D7,ANOSPP10251928,ERS6473940
DN806205T_E7,ANOSPP10251929,ERS6473942
DN806205T_F7,ANOSPP10251930,ERS6473943
DN806205T_G7,ANOSPP10251931,ERS6473944
DN806205T_H7,ANOSPP10251932,ERS6473945
DN806205T_A8,ANOSPP10251933,ERS6473947
DN806205T_B8,ANOSPP10251934,ERS6473948
DN806205T_C8,ANOSPP10251935,ERS6473949
DN806205T_D8,ANOSPP10251936,ERS6473950
DN806205T_E8,ANOSPP10251937,ERS6473951
DN806205T_F8,ANOSPP10251938,ERS6473954
DN806205T_G8,ANOSPP10251939,ERS6473955
DN806205T_H8,ANOSPP10251940,ERS6473956
DN806205T_A9,ANOSPP10251941,ERS6473957
DN806205T_B9,ANOSPP10251942,ERS6473958
DN806205T_C9,ANOSPP10251943,ERS6473959
DN806205T_D9,ANOSPP10251944,ERS6473961
DN806205T_E9,ANOSPP10251945,ERS6473960
DN806205T_F9,ANOSPP10251946,ERS6473964
DN806205T_G9,ANOSPP10251947,ERS6473965
DN806205T_H9,ANOSPP10251948,ERS6473966
DN806205T_A10,ANOSPP10251949,ERS6473968
DN806205T_B10,ANOSPP10251950,ERS6473969
DN806205T_C10,ANOSPP10251951,ERS6473971
DN806205T_D10,ANOSPP10251952,ERS6473972
DN806205T_E10,ANOSPP10251953,ERS6473974
DN806205T_F10,ANOSPP10251954,ERS6473975
DN806205T_G10,ANOSPP10251955,ERS6473976
DN806205T_H10,ANOSPP10251956,ERS6473979
DN806205T_A11,ANOSPP10251957,ERS6473980
DN806205T_B11,ANOSPP10251958,ERS6473982
DN806205T_C11,ANOSPP10251959,ERS6473983
DN806205T_D11,ANOSPP10251960,ERS6473984
DN806205T_E11,ANOSPP10251961,ERS6473986
DN806205T_F11,ANOSPP10251962,ERS6473988
DN806205T_G11,ANOSPP10251963,ERS6473989
DN806205T_H11,ANOSPP10251964,ERS6473991
DN806205T_A12,ANOSPP10251965,ERS6473992
DN806205T_B12,ANOSPP10251966,ERS6473994
DN806205T_C12,ANOSPP10251967,ERS6473995
DN806205T_D12,ANOSPP10251968,ERS6474038
DN806205T_E12,ANOSPP10251969,ERS6473996
DN806205T_F12,ANOSPP10251970,ERS6473997
DN806207V_A1,ANOSPP10252069,ERS6474137
DN806207V_B1,ANOSPP10252070,ERS6474138
DN806207V_C1,ANOSPP10252071,ERS6474141
DN806207V_D1,ANOSPP10252072,ERS6474143
DN806207V_E1,ANOSPP10252073,ERS6474145
DN806207V_F1,ANOSPP10252074,ERS6474147
DN806207V_G1,ANOSPP10252075,ERS6474148
DN806207V_H1,ANOSPP10252076,ERS6474149
DN806207V_A2,ANOSPP10252077,ERS6474151
DN806207V_B2,ANOSPP10252078,ERS6474153
DN806207V_C2,ANOSPP10252079,ERS6474155
DN806207V_D2,ANOSPP10252080,ERS6474156
DN806207V_E2,ANOSPP10252081,ERS6474157
DN806207V_F2,ANOSPP10252082,ERS6474159
DN806207V_G2,ANOSPP10252083,ERS6474200
DN806207V_H2,ANOSPP10252084,ERS6474203
DN806207V_A3,ANOSPP10252085,ERS6474201
DN806207V_B3,ANOSPP10252086,ERS6474204
DN806207V_C3,ANOSPP10252087,ERS6474205
DN806207V_D3,ANOSPP10252088,ERS6474207
DN806207V_E3,ANOSPP10252089,ERS6474209
DN806207V_F3,ANOSPP10252090,ERS6474211
DN806207V_G3,ANOSPP10252091,ERS6474212
DN806207V_H3,ANOSPP10252092,ERS6474213
DN806207V_A4,ANOSPP10252093,ERS6474214
DN806207V_B4,ANOSPP10252094,ERS6474216
DN806207V_C4,ANOSPP10252095,ERS6474219
DN806207V_D4,ANOSPP10252096,ERS6474220
DN806207V_E4,ANOSPP10252097,ERS6474160
DN806207V_F4,ANOSPP10252098,ERS6474162
DN806207V_G4,ANOSPP10252099,ERS6474164
DN806207V_H4,ANOSPP10252100,ERS6474166
DN806207V_A5,ANOSPP10252101,ERS6474169
DN806207V_B5,ANOSPP10252102,ERS6474170
DN806207V_C5,ANOSPP10252103,ERS6474172
DN806207V_D5,ANOSPP10252104,ERS6474173
DN806207V_E5,ANOSPP10252105,ERS6474175
DN806207V_F5,ANOSPP10252106,ERS6474177
DN806207V_G5,ANOSPP10252107,ERS6474178
DN806207V_H5,ANOSPP10252108,ERS6474179
DN806207V_A6,ANOSPP10252109,ERS6474180
DN806207V_B6,ANOSPP10252110,ERS6474181
DN806207V_C6,ANOSPP10252111,ERS6474182
DN806207V_D6,ANOSPP10252112,ERS6474184
DN806207V_E6,ANOSPP10252113,ERS6474186
DN806207V_F6,ANOSPP10252114,ERS6474188
DN806207V_G6,ANOSPP10252115,ERS6474190
DN806207V_H6,ANOSPP10252116,ERS6474192
DN806207V_A7,ANOSPP10252117,ERS6474193
DN806207V_B7,ANOSPP10252118,ERS6474194
DN806207V_C7,ANOSPP10252119,ERS6474195
DN806207V_D7,ANOSPP10252120,ERS6474197
DN806207V_E7,ANOSPP10252121,ERS6474196
DN806207V_F7,ANOSPP10252122,ERS6474198
DN806207V_G7,ANOSPP10252123,ERS6474221
DN806207V_H7,ANOSPP10252124,ERS6474222
DN806207V_A8,ANOSPP10252125,ERS6474224
DN806207V_B8,ANOSPP10252126,ERS6474225
DN806207V_C8,ANOSPP10252127,ERS6474226
DN806207V_D8,ANOSPP10252128,ERS6474227
DN806207V_E8,ANOSPP10252129,ERS6474230
DN806207V_F8,ANOSPP10252130,ERS6474232
DN806207V_G8,ANOSPP10252131,ERS6474231
DN806207V_H8,ANOSPP10252132,ERS6474234
DN806207V_A9,ANOSPP10252133,ERS6474236
DN806207V_B9,ANOSPP10252134,ERS6474237
DN806207V_C9,ANOSPP10252135,ERS6474239
DN806207V_D9,ANOSPP10252136,ERS6474241
DN806207V_E9,ANOSPP10252137,ERS6474242
DN806207V_F9,ANOSPP10252138,ERS6474244
DN806207V_G9,ANOSPP10252139,ERS6474245
DN806207V_H9,ANOSPP10252140,ERS6474246
DN806207V_A10,ANOSPP10252141,ERS6474247
DN806207V_B10,ANOSPP10252142,ERS6474248
DN806207V_C10,ANOSPP10252143,ERS6474250
DN806207V_D10,ANOSPP10252144,ERS6474252
DN806207V_E10,ANOSPP10252145,ERS6474255
DN806207V_F10,ANOSPP10252146,ERS6474256
DN806207V_G10,ANOSPP10252147,ERS6474257
DN806207V_H10,ANOSPP10252148,ERS6474260
DN806207V_A11,ANOSPP10252149,ERS6474262
DN806207V_B11,ANOSPP10252150,ERS6474264
DN806207V_C11,ANOSPP10252151,ERS6474265
DN806207V_D11,ANOSPP10252152,ERS6474266
DN806207V_E11,ANOSPP10252153,ERS6474268
DN806207V_F11,ANOSPP10252154,ERS6474267
DN806207V_G11,ANOSPP10252155,ERS6474271
DN806207V_H11,ANOSPP10252156,ERS6474272
DN806207V_A12,ANOSPP10252157,ERS6474273
DN806207V_B12,ANOSPP10252158,ERS6474276
DN806207V_C12,ANOSPP10252159,ERS6474277
DN806207V_D12,ANOSPP10252160,ERS6474279
DN806207V_E12,ANOSPP10252161,ERS6474281
DN806207V_F12,ANOSPP10252162,ERS6474283
DN806206U_A1,ANOSPP10251973,ERS6474000
DN806206U_B1,ANOSPP10251974,ERS6474001
DN806206U_C1,ANOSPP10251975,ERS6474002
DN806206U_D1,ANOSPP10251976,ERS6474004
DN806206U_E1,ANOSPP10251977,ERS6474005
DN806206U_F1,ANOSPP10251978,ERS6474006
DN806206U_G1,ANOSPP10251979,ERS6474007
DN806206U_H1,ANOSPP10251980,ERS6474008
DN806206U_A2,ANOSPP10251981,ERS6474009
DN806206U_B2,ANOSPP10251982,ERS6474010
DN806206U_C2,ANOSPP10251983,ERS6474011
DN806206U_D2,ANOSPP10251984,ERS6474012
DN806206U_E2,ANOSPP10251985,ERS6474013
DN806206U_F2,ANOSPP10251986,ERS6474014
DN806206U_G2,ANOSPP10251987,ERS6474015
DN806206U_H2,ANOSPP10251988,ERS6474017
DN806206U_A3,ANOSPP10251989,ERS6474018
DN806206U_B3,ANOSPP10251990,ERS6474019
DN806206U_C3,ANOSPP10251991,ERS6474020
DN806206U_D3,ANOSPP10251992,ERS6474021
DN806206U_E3,ANOSPP10251993,ERS6474022
DN806206U_F3,ANOSPP10251994,ERS6474023
DN806206U_G3,ANOSPP10251995,ERS6474025
DN806206U_H3,ANOSPP10251996,ERS6474027
DN806206U_A4,ANOSPP10251997,ERS6474029
DN806206U_B4,ANOSPP10251998,ERS6474030
DN806206U_C4,ANOSPP10251999,ERS6474032
DN806206U_D4,ANOSPP10252000,ERS6474034
DN806206U_E4,ANOSPP10252001,ERS6474035
DN806206U_F4,ANOSPP10252002,ERS6474040
DN806206U_G4,ANOSPP10252003,ERS6474041
DN806206U_H4,ANOSPP10252004,ERS6474042
DN806206U_A5,ANOSPP10252005,ERS6474044
DN806206U_B5,ANOSPP10252006,ERS6474046
DN806206U_C5,ANOSPP10252007,ERS6474048
DN806206U_D5,ANOSPP10252008,ERS6474047
DN806206U_E5,ANOSPP10252009,ERS6474050
DN806206U_F5,ANOSPP10252010,ERS6474052
DN806206U_G5,ANOSPP10252011,ERS6474054
DN806206U_H5,ANOSPP10252012,ERS6474056
DN806206U_A6,ANOSPP10252013,ERS6474057
DN806206U_B6,ANOSPP10252014,ERS6474058
DN806206U_C6,ANOSPP10252015,ERS6474059
DN806206U_D6,ANOSPP10252016,ERS6474061
DN806206U_E6,ANOSPP10252017,ERS6474062
DN806206U_F6,ANOSPP10252018,ERS6474064
DN806206U_G6,ANOSPP10252019,ERS6474066
DN806206U_H6,ANOSPP10252020,ERS6474068
DN806206U_A7,ANOSPP10252021,ERS6474069
DN806206U_B7,ANOSPP10252022,ERS6474070
DN806206U_C7,ANOSPP10252023,ERS6474071
DN806206U_D7,ANOSPP10252024,ERS6474072
DN806206U_E7,ANOSPP10252025,ERS6474073
DN806206U_F7,ANOSPP10252026,ERS6474075
DN806206U_G7,ANOSPP10252027,ERS6474077
DN806206U_H7,ANOSPP10252028,ERS6474078
DN806206U_A8,ANOSPP10252029,ERS6474079
DN806206U_B8,ANOSPP10252030,ERS6474081
DN806206U_C8,ANOSPP10252031,ERS6474082
DN806206U_D8,ANOSPP10252032,ERS6474083
DN806206U_E8,ANOSPP10252033,ERS6474085
DN806206U_F8,ANOSPP10252034,ERS6474087
DN806206U_G8,ANOSPP10252035,ERS6474088
DN806206U_H8,ANOSPP10252036,ERS6474089
DN806206U_A9,ANOSPP10252037,ERS6474091
DN806206U_B9,ANOSPP10252038,ERS6474092
DN806206U_C9,ANOSPP10252039,ERS6474093
DN806206U_D9,ANOSPP10252040,ERS6474095
DN806206U_E9,ANOSPP10252041,ERS6474097
DN806206U_F9,ANOSPP10252042,ERS6474098
DN806206U_G9,ANOSPP10252043,ERS6474100
DN806206U_H9,ANOSPP10252044,ERS6474102
DN806206U_A10,ANOSPP10252045,ERS6474104
DN806206U_B10,ANOSPP10252046,ERS6474105
DN806206U_C10,ANOSPP10252047,ERS6474107
DN806206U_D10,ANOSPP10252048,ERS6474108
DN806206U_E10,ANOSPP10252049,ERS6474109
DN806206U_F10,ANOSPP10252050,ERS6474110
DN806206U_G10,ANOSPP10252051,ERS6474111
DN806206U_H10,ANOSPP10252052,ERS6474112
DN806206U_A11,ANOSPP10252053,ERS6474114
DN806206U_B11,ANOSPP10252054,ERS6474115
DN806206U_C11,ANOSPP10252055,ERS6474117
DN806206U_D11,ANOSPP10252056,ERS6474118
DN806206U_E11,ANOSPP10252057,ERS6474120
DN806206U_F11,ANOSPP10252058,ERS6474121
DN806206U_G11,ANOSPP10252059,ERS6474122
DN806206U_H11,ANOSPP10252060,ERS6474124
DN806206U_A12,ANOSPP10252061,ERS6474126
DN806206U_B12,ANOSPP10252062,ERS6474128
DN806206U_C12,ANOSPP10252063,ERS6474129
DN806206U_D12,ANOSPP10252064,ERS6474130
DN806206U_E12,ANOSPP10252065,ERS6474131
DN806206U_F12,ANOSPP10252066,ERS6474132
DN806208W_A1,ANOSPP10252165,ERS6474288
DN806208W_B1,ANOSPP10252166,ERS6474289
DN806208W_C1,ANOSPP10252167,ERS6474290
DN806208W_D1,ANOSPP10252168,ERS6474292
DN806208W_E1,ANOSPP10252169,ERS6474294
DN806208W_F1,ANOSPP10252170,ERS6474295
DN806208W_G1,ANOSPP10252171,ERS6474298
DN806208W_H1,ANOSPP10252172,ERS6474299
DN806208W_A2,ANOSPP10252173,ERS6474301
DN806208W_B2,ANOSPP10252174,ERS6474303
DN806208W_C2,ANOSPP10252175,ERS6474305
DN806208W_D2,ANOSPP10252176,ERS6474307
DN806208W_E2,ANOSPP10252177,ERS6474309
DN806208W_F2,ANOSPP10252178,ERS6474311
DN806208W_G2,ANOSPP10252179,ERS6474312
DN806208W_H2,ANOSPP10252180,ERS6474313
DN806208W_A3,ANOSPP10252181,ERS6474315
DN806208W_B3,ANOSPP10252182,ERS6474317
DN806208W_C3,ANOSPP10252183,ERS6474319
DN806208W_D3,ANOSPP10252184,ERS6474321
DN806208W_E3,ANOSPP10252185,ERS6474324
DN806208W_F3,ANOSPP10252186,ERS6474326
DN806208W_G3,ANOSPP10252187,ERS6474327
DN806208W_H3,ANOSPP10252188,ERS6474329
DN806208W_A4,ANOSPP10252189,ERS6474332
DN806208W_B4,ANOSPP10252190,ERS6474333
DN806208W_C4,ANOSPP10252191,ERS6474336
DN806208W_D4,ANOSPP10252192,ERS6474337
DN806208W_E4,ANOSPP10252193,ERS6474339
DN806208W_F4,ANOSPP10252194,ERS6474341
DN806208W_G4,ANOSPP10252195,ERS6474342
DN806208W_H4,ANOSPP10252196,ERS6474343
DN806208W_A5,ANOSPP10252197,ERS6474344
DN806208W_B5,ANOSPP10252198,ERS6474346
DN806208W_C5,ANOSPP10252199,ERS6474348
DN806208W_D5,ANOSPP10252200,ERS6474375
DN806208W_E5,ANOSPP10252201,ERS6474376
DN806208W_F5,ANOSPP10252202,ERS6474377
DN806208W_G5,ANOSPP10252203,ERS6474380
DN806208W_H5,ANOSPP10252204,ERS6474379
DN806208W_A6,ANOSPP10252205,ERS6474382
DN806208W_B6,ANOSPP10252206,ERS6474383
DN806208W_C6,ANOSPP10252207,ERS6474385
DN806208W_D6,ANOSPP10252208,ERS6474386
DN806208W_E6,ANOSPP10252209,ERS6474387
DN806208W_F6,ANOSPP10252210,ERS6474389
DN806208W_G6,ANOSPP10252211,ERS6474390
DN806208W_H6,ANOSPP10252212,ERS6474391
DN806208W_A7,ANOSPP10252213,ERS6474393
DN806208W_B7,ANOSPP10252214,ERS6474395
DN806208W_C7,ANOSPP10252215,ERS6474397
DN806208W_D7,ANOSPP10252216,ERS6474402
DN806208W_E7,ANOSPP10252217,ERS6474400
DN806208W_F7,ANOSPP10252218,ERS6474403
DN806208W_G7,ANOSPP10252219,ERS6474405
DN806208W_H7,ANOSPP10252220,ERS6474406
DN806208W_A8,ANOSPP10252221,ERS6474408
DN806208W_B8,ANOSPP10252222,ERS6474409
DN806208W_C8,ANOSPP10252223,ERS6474411
DN806208W_D8,ANOSPP10252224,ERS6474413
DN806208W_E8,ANOSPP10252225,ERS6474350
DN806208W_F8,ANOSPP10252226,ERS6474351
DN806208W_G8,ANOSPP10252227,ERS6474355
DN806208W_H8,ANOSPP10252228,ERS6474353
DN806208W_A9,ANOSPP10252229,ERS6474357
DN806208W_B9,ANOSPP10252230,ERS6474359
DN806208W_C9,ANOSPP10252231,ERS6474361
DN806208W_D9,ANOSPP10252232,ERS6474363
DN806208W_E9,ANOSPP10252233,ERS6474365
DN806208W_F9,ANOSPP10252234,ERS6474367
DN806208W_G9,ANOSPP10252235,ERS6474368
DN806208W_H9,ANOSPP10252236,ERS6474370
DN806208W_A10,ANOSPP10252237,ERS6474371
DN806208W_B10,ANOSPP10252238,ERS6474372
DN806208W_C10,ANOSPP10252239,ERS6474373
DN806208W_D10,ANOSPP10252240,ERS6474415
DN806208W_E10,ANOSPP10252241,ERS6474417
DN806208W_F10,ANOSPP10252242,ERS6474420
DN806208W_G10,ANOSPP10252243,ERS6474422
DN806208W_H10,ANOSPP10252244,ERS6474423
DN806208W_A11,ANOSPP10252245,ERS6474424
DN806208W_B11,ANOSPP10252246,ERS6474425
DN806208W_C11,ANOSPP10252247,ERS6474428
DN806208W_D11,ANOSPP10252248,ERS6474429
DN806208W_E11,ANOSPP10252249,ERS6474430
DN806208W_F11,ANOSPP10252250,ERS6474433
DN806208W_G11,ANOSPP10252251,ERS6474434
DN806208W_H11,ANOSPP10252252,ERS6474436
DN806208W_A12,ANOSPP10252253,ERS6474440
DN806208W_B12,ANOSPP10252254,ERS6474438
DN806208W_C12,ANOSPP10252255,ERS6474442
DN806208W_D12,ANOSPP10252256,ERS6474444
DN806208W_E12,ANOSPP10252257,ERS6474446
DN806208W_F12,ANOSPP10252258,ERS6474447
DN806209A_A1,ANOSPP10252261,ERS6474453
DN806209A_B1,ANOSPP10252262,ERS6474454
DN806209A_C1,ANOSPP10252263,ERS6474456
DN806209A_D1,ANOSPP10252264,ERS6474458
DN806209A_E1,ANOSPP10252265,ERS6474459
DN806209A_F1,ANOSPP10252266,ERS6474461
DN806209A_G1,ANOSPP10252267,ERS6474463
DN806209A_H1,ANOSPP10252268,ERS6474465
DN806209A_A2,ANOSPP10252269,ERS6474467
DN806209A_B2,ANOSPP10252270,ERS6474469
DN806209A_C2,ANOSPP10252271,ERS6474471
DN806209A_D2,ANOSPP10252272,ERS6474475
DN806209A_E2,ANOSPP10252273,ERS6474474
DN806209A_F2,ANOSPP10252274,ERS6474480
DN806209A_G2,ANOSPP10252275,ERS6474478
DN806209A_H2,ANOSPP10252276,ERS6474481
DN806209A_A3,ANOSPP10252277,ERS6474483
DN806209A_B3,ANOSPP10252278,ERS6474485
DN806209A_C3,ANOSPP10252279,ERS6474487
DN806209A_D3,ANOSPP10252280,ERS6474488
DN806209A_E3,ANOSPP10252281,ERS6474491
DN806209A_F3,ANOSPP10252282,ERS6474492
DN806209A_G3,ANOSPP10252283,ERS6474494
DN806209A_H3,ANOSPP10252284,ERS6474496
DN806209A_A4,ANOSPP10252285,ERS6474498
DN806209A_B4,ANOSPP10252286,ERS6474499
DN806209A_C4,ANOSPP10252287,ERS6474501
DN806209A_D4,ANOSPP10252288,ERS6474505
DN806209A_E4,ANOSPP10252289,ERS6474504
DN806209A_F4,ANOSPP10252290,ERS6474508
DN806209A_G4,ANOSPP10252291,ERS6474507
DN806209A_H4,ANOSPP10252292,ERS6474509
DN806209A_A5,ANOSPP10252293,ERS6474510
DN806209A_B5,ANOSPP10252294,ERS6474511
DN806209A_C5,ANOSPP10252295,ERS6474512
DN806209A_D5,ANOSPP10252296,ERS6474514
DN806209A_E5,ANOSPP10252297,ERS6474516
DN806209A_F5,ANOSPP10252298,ERS6474518
DN806209A_G5,ANOSPP10252299,ERS6474520
DN806209A_H5,ANOSPP10252300,ERS6474521
DN806209A_A6,ANOSPP10252301,ERS6474523
DN806209A_B6,ANOSPP10252302,ERS6474524
DN806209A_C6,ANOSPP10252303,ERS6474525
DN806209A_D6,ANOSPP10252304,ERS6474527
DN806209A_E6,ANOSPP10252305,ERS6474528
DN806209A_F6,ANOSPP10252306,ERS6474533
DN806209A_G6,ANOSPP10252307,ERS6474532
DN806209A_H6,ANOSPP10252308,ERS6474534
DN806209A_A7,ANOSPP10252309,ERS6474536
DN806209A_B7,ANOSPP10252310,ERS6474538
DN806209A_C7,ANOSPP10252311,ERS6474539
DN806209A_D7,ANOSPP10252312,ERS6474540
DN806209A_E7,ANOSPP10252313,ERS6474542
DN806209A_F7,ANOSPP10252314,ERS6474543
DN806209A_G7,ANOSPP10252315,ERS6474545
DN806209A_H7,ANOSPP10252316,ERS6474546
DN806209A_A8,ANOSPP10252317,ERS6474556
DN806209A_B8,ANOSPP10252318,ERS6474557
DN806209A_C8,ANOSPP10252319,ERS6474559
DN806209A_D8,ANOSPP10252320,ERS6474561
DN806209A_E8,ANOSPP10252321,ERS6474562
DN806209A_F8,ANOSPP10252322,ERS6474563
DN806209A_G8,ANOSPP10252323,ERS6474565
DN806209A_H8,ANOSPP10252324,ERS6474567
DN806209A_A9,ANOSPP10252325,ERS6474569
DN806209A_B9,ANOSPP10252326,ERS6474570
DN806209A_C9,ANOSPP10252327,ERS6474573
DN806209A_D9,ANOSPP10252328,ERS6474572
DN806209A_E9,ANOSPP10252329,ERS6474575
DN806209A_F9,ANOSPP10252330,ERS6474577
DN806209A_G9,ANOSPP10252331,ERS6474579
DN806209A_H9,ANOSPP10252332,ERS6474580
DN806209A_A10,ANOSPP10252333,ERS6474583
DN806209A_B10,ANOSPP10252334,ERS6474585
DN806209A_C10,ANOSPP10252335,ERS6474587
DN806209A_D10,ANOSPP10252336,ERS6474589
DN806209A_E10,ANOSPP10252337,ERS6474591
DN806209A_F10,ANOSPP10252338,ERS6474594
DN806209A_G10,ANOSPP10252339,ERS6474592
DN806209A_H10,ANOSPP10252340,ERS6474596
DN806209A_A11,ANOSPP10252341,ERS6474598
DN806209A_B11,ANOSPP10252342,ERS6474600
DN806209A_C11,ANOSPP10252343,ERS6474602
DN806209A_D11,ANOSPP10252344,ERS6474604
DN806209A_E11,ANOSPP10252345,ERS6474607
DN806209A_F11,ANOSPP10252346,ERS6474606
DN806209A_G11,ANOSPP10252347,ERS6474609
DN806209A_H11,ANOSPP10252348,ERS6474611
DN806209A_A12,ANOSPP10252349,ERS6474610
DN806209A_B12,ANOSPP10252350,ERS6474613
DN806209A_C12,ANOSPP10252351,ERS6474614
DN806209A_D12,ANOSPP10252352,ERS6474615
DN806209A_E12,ANOSPP10252353,ERS6474548
DN806209A_F12,ANOSPP10252354,ERS6474549
DN806211R_A1,ANOSPP10252453,ERS6474761
DN806211R_B1,ANOSPP10252454,ERS6474762
DN806211R_C1,ANOSPP10252455,ERS6474764
DN806211R_D1,ANOSPP10252456,ERS6474765
DN806211R_E1,ANOSPP10252457,ERS6474766
DN806211R_F1,ANOSPP10252458,ERS6474767
DN806211R_G1,ANOSPP10252459,ERS6474770
DN806211R_H1,ANOSPP10252460,ERS6474772
DN806211R_A2,ANOSPP10252461,ERS6474774
DN806211R_B2,ANOSPP10252462,ERS6474775
DN806211R_C2,ANOSPP10252463,ERS6474777
DN806211R_D2,ANOSPP10252464,ERS6474778
DN806211R_E2,ANOSPP10252465,ERS6474779
DN806211R_F2,ANOSPP10252466,ERS6474780
DN806211R_G2,ANOSPP10252467,ERS6474782
DN806211R_H2,ANOSPP10252468,ERS6474784
DN806211R_A3,ANOSPP10252469,ERS6474786
DN806211R_B3,ANOSPP10252470,ERS6474789
DN806211R_C3,ANOSPP10252471,ERS6474842
DN806211R_D3,ANOSPP10252472,ERS6474843
DN806211R_E3,ANOSPP10252473,ERS6474844
DN806211R_F3,ANOSPP10252474,ERS6474845
DN806211R_G3,ANOSPP10252475,ERS6474848
DN806211R_H3,ANOSPP10252476,ERS6474849
DN806211R_A4,ANOSPP10252477,ERS6474851
DN806211R_B4,ANOSPP10252478,ERS6474852
DN806211R_C4,ANOSPP10252479,ERS6474853
DN806211R_D4,ANOSPP10252480,ERS6474855
DN806211R_E4,ANOSPP10252481,ERS6474787
DN806211R_F4,ANOSPP10252482,ERS6474792
DN806211R_G4,ANOSPP10252483,ERS6474793
DN806211R_H4,ANOSPP10252484,ERS6474795
DN806211R_A5,ANOSPP10252485,ERS6474797
DN806211R_B5,ANOSPP10252486,ERS6474799
DN806211R_C5,ANOSPP10252487,ERS6474802
DN806211R_D5,ANOSPP10252488,ERS6474803
DN806211R_E5,ANOSPP10252489,ERS6474804
DN806211R_F5,ANOSPP10252490,ERS6474805
DN806211R_G5,ANOSPP10252491,ERS6474807
DN806211R_H5,ANOSPP10252492,ERS6474813
DN806211R_A6,ANOSPP10252493,ERS6474809
DN806211R_B6,ANOSPP10252494,ERS6474811
DN806211R_C6,ANOSPP10252495,ERS6474815
DN806211R_D6,ANOSPP10252496,ERS6474817
DN806211R_E6,ANOSPP10252497,ERS6474819
DN806211R_F6,ANOSPP10252498,ERS6474821
DN806211R_G6,ANOSPP10252499,ERS6474823
DN806211R_H6,ANOSPP10252500,ERS6474824
DN806211R_A7,ANOSPP10252501,ERS6474826
DN806211R_B7,ANOSPP10252502,ERS6474829
DN806211R_C7,ANOSPP10252503,ERS6474832
DN806211R_D7,ANOSPP10252504,ERS6474831
DN806211R_E7,ANOSPP10252505,ERS6474834
DN806211R_F7,ANOSPP10252506,ERS6474836
DN806211R_G7,ANOSPP10252507,ERS6474838
DN806211R_H7,ANOSPP10252508,ERS6474839
DN806211R_A8,ANOSPP10252509,ERS6474840
DN806211R_B8,ANOSPP10252510,ERS6474841
DN806211R_C8,ANOSPP10252511,ERS6474857
DN806211R_D8,ANOSPP10252512,ERS6474859
DN806211R_E8,ANOSPP10252513,ERS6474861
DN806211R_F8,ANOSPP10252514,ERS6474863
DN806211R_G8,ANOSPP10252515,ERS6474864
DN806211R_H8,ANOSPP10252516,ERS6474865
DN806211R_A9,ANOSPP10252517,ERS6474866
DN806211R_B9,ANOSPP10252518,ERS6474868
DN806211R_C9,ANOSPP10252519,ERS6474870
DN806211R_D9,ANOSPP10252520,ERS6474871
DN806211R_E9,ANOSPP10252521,ERS6474872
DN806211R_F9,ANOSPP10252522,ERS6474873
DN806211R_G9,ANOSPP10252523,ERS6474875
DN806211R_H9,ANOSPP10252524,ERS6474877
DN806211R_A10,ANOSPP10252525,ERS6474879
DN806211R_B10,ANOSPP10252526,ERS6474880
DN806211R_C10,ANOSPP10252527,ERS6474881
DN806211R_D10,ANOSPP10252528,ERS6474882
DN806211R_E10,ANOSPP10252529,ERS6474883
DN806211R_F10,ANOSPP10252530,ERS6474884
DN806211R_G10,ANOSPP10252531,ERS6474886
DN806211R_H10,ANOSPP10252532,ERS6474887
DN806211R_A11,ANOSPP10252533,ERS6474888
DN806211R_B11,ANOSPP10252534,ERS6474889
DN806211R_C11,ANOSPP10252535,ERS6474891
DN806211R_D11,ANOSPP10252536,ERS6474892
DN806211R_E11,ANOSPP10252537,ERS6474893
DN806211R_F11,ANOSPP10252538,ERS6474894
DN806211R_G11,ANOSPP10252539,ERS6474895
DN806211R_H11,ANOSPP10252540,ERS6474896
DN806211R_A12,ANOSPP10252541,ERS6474898
DN806211R_B12,ANOSPP10252542,ERS6474899
DN806211R_C12,ANOSPP10252543,ERS6474901
DN806211R_D12,ANOSPP10252544,ERS6474903
DN806211R_E12,ANOSPP10252545,ERS6474905
DN806211R_F12,ANOSPP10252546,ERS6474906
DN806210Q_A1,ANOSPP10252357,ERS6474554
DN806210Q_B1,ANOSPP10252358,ERS6474555
DN806210Q_C1,ANOSPP10252359,ERS6474616
DN806210Q_D1,ANOSPP10252360,ERS6474617
DN806210Q_E1,ANOSPP10252361,ERS6474618
DN806210Q_F1,ANOSPP10252362,ERS6474619
DN806210Q_G1,ANOSPP10252363,ERS6474623
DN806210Q_H1,ANOSPP10252364,ERS6474621
DN806210Q_A2,ANOSPP10252365,ERS6474624
DN806210Q_B2,ANOSPP10252366,ERS6474625
DN806210Q_C2,ANOSPP10252367,ERS6474627
DN806210Q_D2,ANOSPP10252368,ERS6474629
DN806210Q_E2,ANOSPP10252369,ERS6474631
DN806210Q_F2,ANOSPP10252370,ERS6474633
DN806210Q_G2,ANOSPP10252371,ERS6474635
DN806210Q_H2,ANOSPP10252372,ERS6474637
DN806210Q_A3,ANOSPP10252373,ERS6474639
DN806210Q_B3,ANOSPP10252374,ERS6474641
DN806210Q_C3,ANOSPP10252375,ERS6474643
DN806210Q_D3,ANOSPP10252376,ERS6474644
DN806210Q_E3,ANOSPP10252377,ERS6474646
DN806210Q_F3,ANOSPP10252378,ERS6474648
DN806210Q_G3,ANOSPP10252379,ERS6474650
DN806210Q_H3,ANOSPP10252380,ERS6474652
DN806210Q_A4,ANOSPP10252381,ERS6474653
DN806210Q_B4,ANOSPP10252382,ERS6474654
DN806210Q_C4,ANOSPP10252383,ERS6474656
DN806210Q_D4,ANOSPP10252384,ERS6474657
DN806210Q_E4,ANOSPP10252385,ERS6474659
DN806210Q_F4,ANOSPP10252386,ERS6474662
DN806210Q_G4,ANOSPP10252387,ERS6474661
DN806210Q_H4,ANOSPP10252388,ERS6474663
DN806210Q_A5,ANOSPP10252389,ERS6474664
DN806210Q_B5,ANOSPP10252390,ERS6474665
DN806210Q_C5,ANOSPP10252391,ERS6474666
DN806210Q_D5,ANOSPP10252392,ERS6474669
DN806210Q_E5,ANOSPP10252393,ERS6474670
DN806210Q_F5,ANOSPP10252394,ERS6474673
DN806210Q_G5,ANOSPP10252395,ERS6474675
DN806210Q_H5,ANOSPP10252396,ERS6474678
DN806210Q_A6,ANOSPP10252397,ERS6474677
DN806210Q_B6,ANOSPP10252398,ERS6474679
DN806210Q_C6,ANOSPP10252399,ERS6474680
DN806210Q_D6,ANOSPP10252400,ERS6474681
DN806210Q_E6,ANOSPP10252401,ERS6474682
DN806210Q_F6,ANOSPP10252402,ERS6474684
DN806210Q_G6,ANOSPP10252403,ERS6474685
DN806210Q_H6,ANOSPP10252404,ERS6474688
DN806210Q_A7,ANOSPP10252405,ERS6474687
DN806210Q_B7,ANOSPP10252406,ERS6474691
DN806210Q_C7,ANOSPP10252407,ERS6474693
DN806210Q_D7,ANOSPP10252408,ERS6474696
DN806210Q_E7,ANOSPP10252409,ERS6474694
DN806210Q_F7,ANOSPP10252410,ERS6474698
DN806210Q_G7,ANOSPP10252411,ERS6474700
DN806210Q_H7,ANOSPP10252412,ERS6474702
DN806210Q_A8,ANOSPP10252413,ERS6474704
DN806210Q_B8,ANOSPP10252414,ERS6474706
DN806210Q_C8,ANOSPP10252415,ERS6474707
DN806210Q_D8,ANOSPP10252416,ERS6474708
DN806210Q_E8,ANOSPP10252417,ERS6474709
DN806210Q_F8,ANOSPP10252418,ERS6474710
DN806210Q_G8,ANOSPP10252419,ERS6474711
DN806210Q_H8,ANOSPP10252420,ERS6474712
DN806210Q_A9,ANOSPP10252421,ERS6474713
DN806210Q_B9,ANOSPP10252422,ERS6474714
DN806210Q_C9,ANOSPP10252423,ERS6474715
DN806210Q_D9,ANOSPP10252424,ERS6474717
DN806210Q_E9,ANOSPP10252425,ERS6474718
DN806210Q_F9,ANOSPP10252426,ERS6474719
DN806210Q_G9,ANOSPP10252427,ERS6474720
DN806210Q_H9,ANOSPP10252428,ERS6474722
DN806210Q_A10,ANOSPP10252429,ERS6474721
DN806210Q_B10,ANOSPP10252430,ERS6474724
DN806210Q_C10,ANOSPP10252431,ERS6474726
DN806210Q_D10,ANOSPP10252432,ERS6474728
DN806210Q_E10,ANOSPP10252433,ERS6474727
DN806210Q_F10,ANOSPP10252434,ERS6474733
DN806210Q_G10,ANOSPP10252435,ERS6474730
DN806210Q_H10,ANOSPP10252436,ERS6474731
DN806210Q_A11,ANOSPP10252437,ERS6474734
DN806210Q_B11,ANOSPP10252438,ERS6474736
DN806210Q_C11,ANOSPP10252439,ERS6474738
DN806210Q_D11,ANOSPP10252440,ERS6474739
DN806210Q_E11,ANOSPP10252441,ERS6474741
DN806210Q_F11,ANOSPP10252442,ERS6474742
DN806210Q_G11,ANOSPP10252443,ERS6474744
DN806210Q_H11,ANOSPP10252444,ERS6474745
DN806210Q_A12,ANOSPP10252445,ERS6474747
DN806210Q_B12,ANOSPP10252446,ERS6474749
DN806210Q_C12,ANOSPP10252447,ERS6474751
DN806210Q_D12,ANOSPP10252448,ERS6474753
DN806210Q_E12,ANOSPP10252449,ERS6474755
DN806210Q_F12,ANOSPP10252450,ERS6474756
DN806212S_A1,ANOSPP10252549,ERS6474911
DN806212S_B1,ANOSPP10252550,ERS6474912
DN806212S_C1,ANOSPP10252551,ERS6474913
DN806212S_D1,ANOSPP10252552,ERS6474915
DN806212S_E1,ANOSPP10252553,ERS6474916
DN806212S_F1,ANOSPP10252554,ERS6474918
DN806212S_G1,ANOSPP10252555,ERS6474920
DN806212S_H1,ANOSPP10252556,ERS6474922
DN806212S_A2,ANOSPP10252557,ERS6474923
DN806212S_B2,ANOSPP10252558,ERS6474924
DN806212S_C2,ANOSPP10252559,ERS6474926
DN806212S_D2,ANOSPP10252560,ERS6474928
DN806212S_E2,ANOSPP10252561,ERS6474930
DN806212S_F2,ANOSPP10252562,ERS6474931
DN806212S_G2,ANOSPP10252563,ERS6474932
DN806212S_H2,ANOSPP10252564,ERS6474934
DN806212S_A3,ANOSPP10252565,ERS6474935
DN806212S_B3,ANOSPP10252566,ERS6474936
DN806212S_C3,ANOSPP10252567,ERS6474937
DN806212S_D3,ANOSPP10252568,ERS6474939
DN806212S_E3,ANOSPP10252569,ERS6474941
DN806212S_F3,ANOSPP10252570,ERS6474942
DN806212S_G3,ANOSPP10252571,ERS6474944
DN806212S_H3,ANOSPP10252572,ERS6474946
DN806212S_A4,ANOSPP10252573,ERS6474947
DN806212S_B4,ANOSPP10252574,ERS6474948
DN806212S_C4,ANOSPP10252575,ERS6474949
DN806212S_D4,ANOSPP10252576,ERS6474951
DN806212S_E4,ANOSPP10252577,ERS6474952
DN806212S_F4,ANOSPP10252578,ERS6474954
DN806212S_G4,ANOSPP10252579,ERS6474955
DN806212S_H4,ANOSPP10252580,ERS6474957
DN806212S_A5,ANOSPP10252581,ERS6474959
DN806212S_B5,ANOSPP10252582,ERS6474960
DN806212S_C5,ANOSPP10252583,ERS6474961
DN806212S_D5,ANOSPP10252584,ERS6474962
DN806212S_E5,ANOSPP10252585,ERS6474964
DN806212S_F5,ANOSPP10252586,ERS6474966
DN806212S_G5,ANOSPP10252587,ERS6474967
DN806212S_H5,ANOSPP10252588,ERS6474969
DN806212S_A6,ANOSPP10252589,ERS6475005
DN806212S_B6,ANOSPP10252590,ERS6475006
DN806212S_C6,ANOSPP10252591,ERS6475008
DN806212S_D6,ANOSPP10252592,ERS6475009
DN806212S_E6,ANOSPP10252593,ERS6475010
DN806212S_F6,ANOSPP10252594,ERS6475012
DN806212S_G6,ANOSPP10252595,ERS6475014
DN806212S_H6,ANOSPP10252596,ERS6475015
DN806212S_A7,ANOSPP10252597,ERS6475017
DN806212S_B7,ANOSPP10252598,ERS6475019
DN806212S_C7,ANOSPP10252599,ERS6475021
DN806212S_D7,ANOSPP10252600,ERS6475022
DN806212S_E7,ANOSPP10252601,ERS6475024
DN806212S_F7,ANOSPP10252602,ERS6475025
DN806212S_G7,ANOSPP10252603,ERS6475026
DN806212S_H7,ANOSPP10252604,ERS6475027
DN806212S_A8,ANOSPP10252605,ERS6475028
DN806212S_B8,ANOSPP10252606,ERS6475029
DN806212S_C8,ANOSPP10252607,ERS6475030
DN806212S_D8,ANOSPP10252608,ERS6475031
DN806212S_E8,ANOSPP10252609,ERS6474970
DN806212S_F8,ANOSPP10252610,ERS6474971
DN806212S_G8,ANOSPP10252611,ERS6474973
DN806212S_H8,ANOSPP10252612,ERS6474975
DN806212S_A9,ANOSPP10252613,ERS6474977
DN806212S_B9,ANOSPP10252614,ERS6474979
DN806212S_C9,ANOSPP10252615,ERS6474981
DN806212S_D9,ANOSPP10252616,ERS6474983
DN806212S_E9,ANOSPP10252617,ERS6474985
DN806212S_F9,ANOSPP10252618,ERS6474987
DN806212S_G9,ANOSPP10252619,ERS6474989
DN806212S_H9,ANOSPP10252620,ERS6474991
DN806212S_A10,ANOSPP10252621,ERS6474992
DN806212S_B10,ANOSPP10252622,ERS6474994
DN806212S_C10,ANOSPP10252623,ERS6474996
DN806212S_D10,ANOSPP10252624,ERS6474997
DN806212S_E10,ANOSPP10252625,ERS6474999
DN806212S_F10,ANOSPP10252626,ERS6475001
DN806212S_G10,ANOSPP10252627,ERS6475003
DN806212S_H10,ANOSPP10252628,ERS6475004
DN806212S_A11,ANOSPP10252629,ERS6475032
DN806212S_B11,ANOSPP10252630,ERS6475033
DN806212S_C11,ANOSPP10252631,ERS6475034
DN806212S_D11,ANOSPP10252632,ERS6475036
DN806212S_E11,ANOSPP10252633,ERS6475037
DN806212S_F11,ANOSPP10252634,ERS6475039
DN806212S_G11,ANOSPP10252635,ERS6475041
DN806212S_H11,ANOSPP10252636,ERS6475042
DN806212S_A12,ANOSPP10252637,ERS6475043
DN806212S_B12,ANOSPP10252638,ERS6475045
DN806212S_C12,ANOSPP10252639,ERS6475046
DN806212S_D12,ANOSPP10252640,ERS6475048
DN806212S_E12,ANOSPP10252641,ERS6475050
DN806212S_F12,ANOSPP10252642,ERS6475052
DN806213T_A1,ANOSPP10252645,ERS6475057
DN806213T_B1,ANOSPP10252646,ERS6475058
DN806213T_C1,ANOSPP10252647,ERS6475060
DN806213T_D1,ANOSPP10252648,ERS6475062
DN806213T_E1,ANOSPP10252649,ERS6475065
DN806213T_F1,ANOSPP10252650,ERS6475066
DN806213T_G1,ANOSPP10252651,ERS6475067
DN806213T_H1,ANOSPP10252652,ERS6475068
DN806213T_A2,ANOSPP10252653,ERS6475069
DN806213T_B2,ANOSPP10252654,ERS6475070
DN806213T_C2,ANOSPP10252655,ERS6475071
DN806213T_D2,ANOSPP10252656,ERS6475075
DN806213T_E2,ANOSPP10252657,ERS6475072
DN806213T_F2,ANOSPP10252658,ERS6475076
DN806213T_G2,ANOSPP10252659,ERS6475078
DN806213T_H2,ANOSPP10252660,ERS6475082
DN806213T_A3,ANOSPP10252661,ERS6475081
DN806213T_B3,ANOSPP10252662,ERS6475084
DN806213T_C3,ANOSPP10252663,ERS6475085
DN806213T_D3,ANOSPP10252664,ERS6475087
DN806213T_E3,ANOSPP10252665,ERS6475089
DN806213T_F3,ANOSPP10252666,ERS6475091
DN806213T_G3,ANOSPP10252667,ERS6475093
DN806213T_H3,ANOSPP10252668,ERS6475095
DN806213T_A4,ANOSPP10252669,ERS6475096
DN806213T_B4,ANOSPP10252670,ERS6475098
DN806213T_C4,ANOSPP10252671,ERS6475099
DN806213T_D4,ANOSPP10252672,ERS6475100
DN806213T_E4,ANOSPP10252673,ERS6475101
DN806213T_F4,ANOSPP10252674,ERS6475103
DN806213T_G4,ANOSPP10252675,ERS6475104
DN806213T_H4,ANOSPP10252676,ERS6475107
DN806213T_A5,ANOSPP10252677,ERS6475108
DN806213T_B5,ANOSPP10252678,ERS6475110
DN806213T_C5,ANOSPP10252679,ERS6475112
DN806213T_D5,ANOSPP10252680,ERS6475114
DN806213T_E5,ANOSPP10252681,ERS6475115
DN806213T_F5,ANOSPP10252682,ERS6475116
DN806213T_G5,ANOSPP10252683,ERS6475118
DN806213T_H5,ANOSPP10252684,ERS6475121
DN806213T_A6,ANOSPP10252685,ERS6475119
DN806213T_B6,ANOSPP10252686,ERS6475123
DN806213T_C6,ANOSPP10252687,ERS6475125
DN806213T_D6,ANOSPP10252688,ERS6475127
DN806213T_E6,ANOSPP10252689,ERS6475129
DN806213T_F6,ANOSPP10252690,ERS6475130
DN806213T_G6,ANOSPP10252691,ERS6475135
DN806213T_H6,ANOSPP10252692,ERS6475134
DN806213T_A7,ANOSPP10252693,ERS6475137
DN806213T_B7,ANOSPP10252694,ERS6475138
DN806213T_C7,ANOSPP10252695,ERS6475139
DN806213T_D7,ANOSPP10252696,ERS6475140
DN806213T_E7,ANOSPP10252697,ERS6475141
DN806213T_F7,ANOSPP10252698,ERS6475142
DN806213T_G7,ANOSPP10252699,ERS6475143
DN806213T_H7,ANOSPP10252700,ERS6475144
DN806213T_A8,ANOSPP10252701,ERS6475145
DN806213T_B8,ANOSPP10252702,ERS6475147
DN806213T_C8,ANOSPP10252703,ERS6475149
DN806213T_D8,ANOSPP10252704,ERS6475152
DN806213T_E8,ANOSPP10252705,ERS6475169
DN806213T_F8,ANOSPP10252706,ERS6475170
DN806213T_G8,ANOSPP10252707,ERS6475172
DN806213T_H8,ANOSPP10252708,ERS6475174
DN806213T_A9,ANOSPP10252709,ERS6475176
DN806213T_B9,ANOSPP10252710,ERS6475177
DN806213T_C9,ANOSPP10252711,ERS6475180
DN806213T_D9,ANOSPP10252712,ERS6475179
DN806213T_E9,ANOSPP10252713,ERS6475182
DN806213T_F9,ANOSPP10252714,ERS6475184
DN806213T_G9,ANOSPP10252715,ERS6475188
DN806213T_H9,ANOSPP10252716,ERS6475187
DN806213T_A10,ANOSPP10252717,ERS6475190
DN806213T_B10,ANOSPP10252718,ERS6475192
DN806213T_C10,ANOSPP10252719,ERS6475194
DN806213T_D10,ANOSPP10252720,ERS6475197
DN806213T_E10,ANOSPP10252721,ERS6475198
DN806213T_F10,ANOSPP10252722,ERS6475202
DN806213T_G10,ANOSPP10252723,ERS6475201
DN806213T_H10,ANOSPP10252724,ERS6475203
DN806213T_A11,ANOSPP10252725,ERS6475205
DN806213T_B11,ANOSPP10252726,ERS6475207
DN806213T_C11,ANOSPP10252727,ERS6475210
DN806213T_D11,ANOSPP10252728,ERS6475209
DN806213T_E11,ANOSPP10252729,ERS6475211
DN806213T_F11,ANOSPP10252730,ERS6475212
DN806213T_G11,ANOSPP10252731,ERS6475214
DN806213T_H11,ANOSPP10252732,ERS6475216
DN806213T_A12,ANOSPP10252733,ERS6475218
DN806213T_B12,ANOSPP10252734,ERS6475220
DN806213T_C12,ANOSPP10252735,ERS6475221
DN806213T_D12,ANOSPP10252736,ERS6475222
DN806213T_E12,ANOSPP10252737,ERS6475151
DN806213T_F12,ANOSPP10252738,ERS6475155
DN806213T_G12,ANOSPP10252739,ERS6475156
DN806214U_A1,ANOSPP10252741,ERS6475159
DN806214U_B1,ANOSPP10252742,ERS6475161
DN806214U_C1,ANOSPP10252743,ERS6475163
DN806214U_D1,ANOSPP10252744,ERS6475165
DN806214U_E1,ANOSPP10252745,ERS6475167
DN806214U_F1,ANOSPP10252746,ERS6475224
DN806214U_G1,ANOSPP10252747,ERS6475225
DN806214U_H1,ANOSPP10252748,ERS6475227
DN806214U_A2,ANOSPP10252749,ERS6475229
DN806214U_B2,ANOSPP10252750,ERS6475230
DN806214U_C2,ANOSPP10252751,ERS6475231
DN806214U_D2,ANOSPP10252752,ERS6475232
DN806214U_E2,ANOSPP10252753,ERS6475233
DN806214U_F2,ANOSPP10252754,ERS6475234
DN806214U_G2,ANOSPP10252755,ERS6475237
DN806214U_H2,ANOSPP10252756,ERS6475238
DN806214U_A3,ANOSPP10252757,ERS6475240
DN806214U_B3,ANOSPP10252758,ERS6475241
DN806214U_C3,ANOSPP10252759,ERS6475245
DN806214U_D3,ANOSPP10252760,ERS6475247
DN806214U_E3,ANOSPP10252761,ERS6475248
DN806214U_F3,ANOSPP10252762,ERS6475250
DN806214U_G3,ANOSPP10252763,ERS6475251
DN806214U_H3,ANOSPP10252764,ERS6475253
DN806214U_A4,ANOSPP10252765,ERS6475255
DN806214U_B4,ANOSPP10252766,ERS6475256
DN806214U_C4,ANOSPP10252767,ERS6475257
DN806214U_D4,ANOSPP10252768,ERS6475258
DN806214U_E4,ANOSPP10252769,ERS6475259
DN806214U_F4,ANOSPP10252770,ERS6475260
DN806214U_G4,ANOSPP10252771,ERS6475261
DN806214U_H4,ANOSPP10252772,ERS6475262
DN806214U_A5,ANOSPP10252773,ERS6475264
DN806214U_B5,ANOSPP10252774,ERS6475265
DN806214U_C5,ANOSPP10252775,ERS6475267
DN806214U_D5,ANOSPP10252776,ERS6475269
DN806214U_E5,ANOSPP10252777,ERS6475271
DN806214U_F5,ANOSPP10252778,ERS6475273
DN806214U_G5,ANOSPP10252779,ERS6475274
DN806214U_H5,ANOSPP10252780,ERS6475276
DN806214U_A6,ANOSPP10252781,ERS6475277
DN806214U_B6,ANOSPP10252782,ERS6475278
DN806214U_C6,ANOSPP10252783,ERS6475280
DN806214U_D6,ANOSPP10252784,ERS6475282
DN806214U_E6,ANOSPP10252785,ERS6475284
DN806214U_F6,ANOSPP10252786,ERS6475286
DN806214U_G6,ANOSPP10252787,ERS6475288
DN806214U_H6,ANOSPP10252788,ERS6475290
DN806214U_A7,ANOSPP10252789,ERS6475292
DN806214U_B7,ANOSPP10252790,ERS6475294
DN806214U_C7,ANOSPP10252791,ERS6475295
DN806214U_D7,ANOSPP10252792,ERS6475297
DN806214U_E7,ANOSPP10252793,ERS6475298
DN806214U_F7,ANOSPP10252794,ERS6475301
DN806214U_G7,ANOSPP10252795,ERS6475303
DN806214U_H7,ANOSPP10252796,ERS6475305
DN806214U_A8,ANOSPP10252797,ERS6475306
DN806214U_B8,ANOSPP10252798,ERS6475308
DN806214U_C8,ANOSPP10252799,ERS6475309
DN806214U_D8,ANOSPP10252800,ERS6475310
DN806214U_E8,ANOSPP10252801,ERS6475312
DN806214U_F8,ANOSPP10252802,ERS6475313
DN806214U_G8,ANOSPP10252803,ERS6475314
DN806214U_H8,ANOSPP10252804,ERS6475315
DN806214U_A9,ANOSPP10252805,ERS6475317
DN806214U_B9,ANOSPP10252806,ERS6475318
DN806214U_C9,ANOSPP10252807,ERS6475320
DN806214U_D9,ANOSPP10252808,ERS6475321
DN806214U_E9,ANOSPP10252809,ERS6475322
DN806214U_F9,ANOSPP10252810,ERS6475323
DN806214U_G9,ANOSPP10252811,ERS6475324
DN806214U_H9,ANOSPP10252812,ERS6475326
DN806214U_A10,ANOSPP10252813,ERS6475327
DN806214U_B10,ANOSPP10252814,ERS6475329
DN806214U_C10,ANOSPP10252815,ERS6475330
DN806214U_D10,ANOSPP10252816,ERS6475332
DN806214U_E10,ANOSPP10252817,ERS6475333
DN806214U_F10,ANOSPP10252818,ERS6475335
DN806214U_G10,ANOSPP10252819,ERS6475336
DN806214U_H10,ANOSPP10252820,ERS6475338
DN806214U_A11,ANOSPP10252821,ERS6475340
DN806214U_B11,ANOSPP10252822,ERS6475341
DN806214U_C11,ANOSPP10252823,ERS6475344
DN806214U_D11,ANOSPP10252824,ERS6475346
DN806214U_E11,ANOSPP10252825,ERS6475347
DN806214U_F11,ANOSPP10252826,ERS6475349
DN806214U_G11,ANOSPP10252827,ERS6475350
DN806214U_H11,ANOSPP10252828,ERS6475352
DN806214U_A12,ANOSPP10252829,ERS6475354
DN806214U_B12,ANOSPP10252830,ERS6475356
DN806214U_C12,ANOSPP10252831,ERS6475357
DN806214U_D12,ANOSPP10252832,ERS6475358
DN806214U_E12,ANOSPP10252833,ERS6475361
DN806214U_F12,ANOSPP10252834,ERS6475359
DN806239G_A1,ANOSPP10254181,ERS7022606
DN806239G_B1,ANOSPP10254182,ERS7022609
DN806239G_C1,ANOSPP10254183,ERS7022610
DN806239G_D1,ANOSPP10254184,ERS7022614
DN806239G_E1,ANOSPP10254185,ERS7022613
DN806239G_F1,ANOSPP10254186,ERS7022617
DN806239G_G1,ANOSPP10254187,ERS7022618
DN806239G_H1,ANOSPP10254188,ERS7022620
DN806239G_A2,ANOSPP10254189,ERS7022622
DN806239G_B2,ANOSPP10254190,ERS7022623
DN806239G_C2,ANOSPP10254191,ERS7022626
DN806239G_D2,ANOSPP10254192,ERS7022628
DN806239G_E2,ANOSPP10254193,ERS7022629
DN806239G_F2,ANOSPP10254194,ERS7022630
DN806239G_G2,ANOSPP10254195,ERS7022631
DN806239G_H2,ANOSPP10254196,ERS7022633
DN806239G_A3,ANOSPP10254197,ERS7022635
DN806239G_B3,ANOSPP10254198,ERS7022636
DN806239G_C3,ANOSPP10254199,ERS7022637
DN806239G_D3,ANOSPP10254200,ERS7022638
DN806239G_E3,ANOSPP10254201,ERS7022641
DN806239G_F3,ANOSPP10254202,ERS7022642
DN806239G_G3,ANOSPP10254203,ERS7022643
DN806239G_H3,ANOSPP10254204,ERS7022644
DN806239G_A4,ANOSPP10254205,ERS7022646
DN806239G_B4,ANOSPP10254206,ERS7022648
DN806239G_C4,ANOSPP10254207,ERS7022650
DN806239G_D4,ANOSPP10254208,ERS7022652
DN806239G_E4,ANOSPP10254209,ERS7022654
DN806239G_F4,ANOSPP10254210,ERS7022655
DN806239G_G4,ANOSPP10254211,ERS7022657
DN806239G_H4,ANOSPP10254212,ERS7022659
DN806239G_A5,ANOSPP10254213,ERS7022661
DN806239G_B5,ANOSPP10254214,ERS7022662
DN806239G_C5,ANOSPP10254215,ERS7022665
DN806239G_D5,ANOSPP10254216,ERS7022667
DN806239G_E5,ANOSPP10254217,ERS7022669
DN806239G_F5,ANOSPP10254218,ERS7022671
DN806239G_G5,ANOSPP10254219,ERS7022673
DN806239G_H5,ANOSPP10254220,ERS7022675
DN806239G_A6,ANOSPP10254221,ERS7022677
DN806239G_B6,ANOSPP10254222,ERS7022679
DN806239G_C6,ANOSPP10254223,ERS7022681
DN806239G_D6,ANOSPP10254224,ERS7022683
DN806239G_E6,ANOSPP10254225,ERS7022685
DN806239G_F6,ANOSPP10254226,ERS7022687
DN806239G_G6,ANOSPP10254227,ERS7022689
DN806239G_H6,ANOSPP10254228,ERS7022691
DN806239G_A7,ANOSPP10254229,ERS7022693
DN806239G_B7,ANOSPP10254230,ERS7022695
DN806239G_C7,ANOSPP10254231,ERS7022697
DN806239G_D7,ANOSPP10254232,ERS7022699
DN806239G_E7,ANOSPP10254233,ERS7022701
DN806239G_F7,ANOSPP10254234,ERS7022703
DN806239G_G7,ANOSPP10254235,ERS7022704
DN806239G_H7,ANOSPP10254236,ERS7022706
DN806239G_A8,ANOSPP10254237,ERS7022708
DN806239G_B8,ANOSPP10254238,ERS7022709
DN806239G_C8,ANOSPP10254239,ERS7022711
DN806239G_D8,ANOSPP10254240,ERS7022712
DN806239G_E8,ANOSPP10254241,ERS7022715
DN806239G_F8,ANOSPP10254242,ERS7022716
DN806239G_G8,ANOSPP10254243,ERS7022719
DN806239G_H8,ANOSPP10254244,ERS7022721
DN806239G_A9,ANOSPP10254245,ERS7022723
DN806239G_B9,ANOSPP10254246,ERS7022725
DN806239G_C9,ANOSPP10254247,ERS7022726
DN806239G_D9,ANOSPP10254248,ERS7022728
DN806239G_E9,ANOSPP10254249,ERS7022730
DN806239G_F9,ANOSPP10254250,ERS7022732
DN806239G_G9,ANOSPP10254251,ERS7022734
DN806239G_H9,ANOSPP10254252,ERS7022735
DN806239G_A10,ANOSPP10254253,ERS7022738
DN806239G_B10,ANOSPP10254254,ERS7022740
DN806239G_C10,ANOSPP10254255,ERS7022742
DN806239G_D10,ANOSPP10254256,ERS7022744
DN806239G_E10,ANOSPP10254257,ERS7022746
DN806239G_F10,ANOSPP10254258,ERS7022748
DN806239G_G10,ANOSPP10254259,ERS7022751
DN806239G_H10,ANOSPP10254260,ERS7022752
DN806239G_A11,ANOSPP10254261,ERS7022753
DN806239G_B11,ANOSPP10254262,ERS7022755
DN806239G_C11,ANOSPP10254263,ERS7022757
DN806239G_D11,ANOSPP10254264,ERS7022759
DN806239G_E11,ANOSPP10254265,ERS7022761
DN806239G_F11,ANOSPP10254266,ERS7022763
DN806239G_G11,ANOSPP10254267,ERS7022765
DN806239G_H11,ANOSPP10254268,ERS7022767
DN806239G_A12,ANOSPP10254269,ERS7022769
DN806239G_B12,ANOSPP10254270,ERS7022771
DN806239G_C12,ANOSPP10254271,ERS7022773
DN806239G_D12,ANOSPP10254272,ERS7022774
DN806239G_E12,ANOSPP10254273,ERS7022777
DN806239G_F12,ANOSPP10254274,ERS7022779
DN806239G_G12,ANOSPP10254275,ERS7022781
DN806239G_H12,ANOSPP10254276,ERS7022783
DN806240W_A1,ANOSPP10254277,ERS7022785
DN806240W_B1,ANOSPP10254278,ERS7022787
DN806240W_C1,ANOSPP10254279,ERS7022789
DN806240W_D1,ANOSPP10254280,ERS7022791
DN806240W_E1,ANOSPP10254281,ERS7022792
DN806240W_F1,ANOSPP10254282,ERS7022795
DN806240W_G1,ANOSPP10254283,ERS7022841
DN806240W_H1,ANOSPP10254284,ERS7022846
DN806240W_A2,ANOSPP10254285,ERS7022797
DN806240W_B2,ANOSPP10254286,ERS7022799
DN806240W_C2,ANOSPP10254287,ERS7022801
DN806240W_D2,ANOSPP10254288,ERS7022803
DN806240W_E2,ANOSPP10254289,ERS7022804
DN806240W_F2,ANOSPP10254290,ERS7022807
DN806240W_G2,ANOSPP10254291,ERS7022808
DN806240W_H2,ANOSPP10254292,ERS7022811
DN806240W_A3,ANOSPP10254293,ERS7022813
DN806240W_B3,ANOSPP10254294,ERS7022815
DN806240W_C3,ANOSPP10254295,ERS7022817
DN806240W_D3,ANOSPP10254296,ERS7022819
DN806240W_E3,ANOSPP10254297,ERS7022821
DN806240W_F3,ANOSPP10254298,ERS7022823
DN806240W_G3,ANOSPP10254299,ERS7022825
DN806240W_H3,ANOSPP10254300,ERS7022827
DN806240W_A4,ANOSPP10254301,ERS7022829
DN806240W_B4,ANOSPP10254302,ERS7022831
DN806240W_C4,ANOSPP10254303,ERS7022832
DN806240W_D4,ANOSPP10254304,ERS7022835
DN806240W_E4,ANOSPP10254305,ERS7022837
DN806240W_F4,ANOSPP10254306,ERS7022839
DN806240W_G4,ANOSPP10254307,ERS7022842
DN806240W_H4,ANOSPP10254308,ERS7022844
DN806240W_A5,ANOSPP10254309,ERS7022848
DN806240W_B5,ANOSPP10254310,ERS7022847
DN806240W_C5,ANOSPP10254311,ERS7022851
DN806240W_D5,ANOSPP10254312,ERS7022853
DN806240W_E5,ANOSPP10254313,ERS7022854
DN806240W_F5,ANOSPP10254314,ERS7022857
DN806240W_G5,ANOSPP10254315,ERS7022858
DN806240W_H5,ANOSPP10254316,ERS7022860
DN806240W_A6,ANOSPP10254317,ERS7022864
DN806240W_B6,ANOSPP10254318,ERS7022865
DN806240W_C6,ANOSPP10254319,ERS7022868
DN806240W_D6,ANOSPP10254320,ERS7022869
DN806240W_E6,ANOSPP10254321,ERS7022872
DN806240W_F6,ANOSPP10254322,ERS7022873
DN806240W_G6,ANOSPP10254323,ERS7022876
DN806240W_H6,ANOSPP10254324,ERS7022877
DN806240W_A7,ANOSPP10254325,ERS7022878
DN806240W_B7,ANOSPP10254326,ERS7022881
DN806240W_C7,ANOSPP10254327,ERS7022883
DN806240W_D7,ANOSPP10254328,ERS7022884
DN806240W_E7,ANOSPP10254329,ERS7022887
DN806240W_F7,ANOSPP10254330,ERS7022889
DN806240W_G7,ANOSPP10254331,ERS7022891
DN806240W_H7,ANOSPP10254332,ERS7022893
DN806240W_A8,ANOSPP10254333,ERS7022895
DN806240W_B8,ANOSPP10254334,ERS7022897
DN806240W_C8,ANOSPP10254335,ERS7022899
DN806240W_D8,ANOSPP10254336,ERS7022901
DN806240W_E8,ANOSPP10254337,ERS7022902
DN806240W_F8,ANOSPP10254338,ERS7022905
DN806240W_G8,ANOSPP10254339,ERS7022906
DN806240W_H8,ANOSPP10254340,ERS7022909
DN806240W_A9,ANOSPP10254341,ERS7022912
DN806240W_B9,ANOSPP10254342,ERS7022911
DN806240W_C9,ANOSPP10254343,ERS7022915
DN806240W_D9,ANOSPP10254344,ERS7022917
DN806240W_E9,ANOSPP10254345,ERS7022919
DN806240W_F9,ANOSPP10254346,ERS7022921
DN806240W_G9,ANOSPP10254347,ERS7022923
DN806240W_H9,ANOSPP10254348,ERS7022926
DN806240W_A10,ANOSPP10254349,ERS7022927
DN806240W_B10,ANOSPP10254350,ERS7022928
DN806240W_C10,ANOSPP10254351,ERS7022931
DN806240W_D10,ANOSPP10254352,ERS7022933
DN806240W_E10,ANOSPP10254353,ERS7022935
DN806240W_F10,ANOSPP10254354,ERS7022937
DN806240W_G10,ANOSPP10254355,ERS7022938
DN806240W_H10,ANOSPP10254356,ERS7022943
DN806240W_A11,ANOSPP10254357,ERS7022941
DN806240W_B11,ANOSPP10254358,ERS7022944
DN806240W_C11,ANOSPP10254359,ERS7022947
DN806240W_D11,ANOSPP10254360,ERS7022949
DN806240W_E11,ANOSPP10254361,ERS7022951
DN806240W_F11,ANOSPP10254362,ERS7022953
DN806240W_G11,ANOSPP10254363,ERS7022955
DN806240W_H11,ANOSPP10254364,ERS7022957
DN806240W_A12,ANOSPP10254365,ERS7022959
DN806240W_B12,ANOSPP10254366,ERS7022961
DN806240W_C12,ANOSPP10254367,ERS7022963
DN806240W_D12,ANOSPP10254368,ERS7022965
DN806240W_E12,ANOSPP10254369,ERS7022967
DN806240W_F12,ANOSPP10254370,ERS7022969
DN806240W_G12,ANOSPP10254371,ERS7022971
DN806240W_H12,ANOSPP10254372,ERS7022973
