mean1,mean2,mean3,sd1,sd2,sd3,sampleID,status,species
-98.92367,-29.281832,-5.297733,-47.770065,-41.036526,-25.114744,AN0453-C,validation,Anopheles_gambiae
-86.9599,-13.467476,-13.10586,-45.716545,-34.36219,-23.252192,AA0137-C,training,Anopheles_gambiae
-77.11659,3.5524955,-21.3828,-46.67578,-30.245552,-22.467646,AZ0425-CW,training,Anopheles_coluzzii
-95.7714,5.239405,-27.965204,-57.38399,-36.577442,-27.747078,AZ0269-C,training,Anopheles_coluzzii
-82.95827,-74.46636,31.757212,-38.974236,-50.87733,-26.451138,BL0145-C,training,Anopheles_arabiensis
-62.11062,13.977741,-24.535936,-43.092773,-24.950523,-20.134958,AG0415-CW,validation,Anopheles_coluzzii
-85.16899,-78.78964,33.348595,-40.722397,-54.11928,-26.686277,BL0091-C,training,Anopheles_arabiensis
-66.45218,17.92973,-28.777191,-47.775196,-26.687962,-22.01022,AA0063-C,training,Anopheles_coluzzii
-64.91209,32.70712,-38.427418,-53.44336,-27.257078,-24.232393,AR0020-C,training,Anopheles_coluzzii
-94.796005,-17.1395,-12.787478,-49.132153,-37.94851,-24.836845,AB0301-C,training,Anopheles_gambiae
-74.1326,14.065717,-28.022907,-50.23408,-29.257553,-23.322994,AV0232-C,training,Anopheles_coluzzii
-93.56507,-46.285786,9.07128,-42.300804,-42.995678,-22.155186,AK0281-C,training,Anopheles_gambiae
-98.26822,-18.77233,-12.714896,-50.42598,-39.168533,-25.636856,AZ0253-C,training,Anopheles_gambiae
-77.71243,-4.6557117,-16.040747,-44.42066,-31.48991,-21.611301,AJ0097-C,training,Anopheles_gambiae
-71.43643,9.129086,-23.551147,-46.113953,-28.07944,-21.54527,AZ0433-CW,training,Anopheles_coluzzii
-81.217094,-75.07501,32.239883,-39.216076,-51.911182,-25.476686,BL0302-C,training,Anopheles_arabiensis
-62.777534,25.422474,-32.967194,-49.310055,-25.440325,-22.297064,AV0042-Cx,training,Anopheles_coluzzii
-82.0743,6.793717,-24.901772,-50.068443,-31.450142,-24.449999,AV0285-C,training,Anopheles_coluzzii
-82.69502,-16.70705,-9.433344,-42.883274,-34.077656,-21.610552,AA0085-C,training,Anopheles_gambiae
-89.90948,8.625752,-28.711212,-55.882607,-34.552174,-26.616705,AB0210-C,training,Anopheles_coluzzii
-73.61191,-24.85747,-0.6269359,-36.427,-32.83637,-18.343779,AN0073-C,training,Anopheles_gambiae
-81.86821,-28.597527,-0.5172228,-39.343563,-35.83035,-20.323135,AZ0321-C,training,Anopheles_gambiae
-64.63394,0.11119624,-15.61555,-38.485313,-25.899538,-19.010448,AG0460-CW,training,Anopheles_gambiae
-61.271957,19.822657,-28.67297,-46.200912,-25.096882,-20.90886,AV0038-C,training,Anopheles_coluzzii
-86.75365,9.655101,-28.36008,-54.99202,-33.701275,-25.8872,AG0009-C,validation,Anopheles_coluzzii
-86.704056,-32.966717,1.2253221,-40.841095,-37.806736,-21.510317,BP0001-C,training,Anopheles_gambiae
-107.48813,-39.15547,-0.09046429,-49.789932,-45.858334,-26.367445,BL0103-C,training,Anopheles_gambiae
-102.03047,-30.075603,-5.3744497,-49.668358,-42.81238,-25.442759,AC0282-C,training,Anopheles_gambiae
-84.87537,-4.0789433,-18.389744,-48.623978,-33.70969,-23.51365,BL0370-C,training,Anopheles_gambiae
-96.60717,8.775464,-30.549356,-59.652176,-37.046688,-28.38396,AB0229-C,training,Anopheles_coluzzii
-66.87157,-4.4026823,-13.019097,-38.659824,-27.770863,-18.916567,AG0455-CW,training,Anopheles_gambiae
-80.45349,-22.6885,-4.383133,-40.67203,-34.799137,-20.296303,AN0176-C,training,Anopheles_gambiae
-61.866844,28.857185,-34.8223,-50.07011,-25.401846,-22.597078,AR0011-C,training,Anopheles_coluzzii
-96.11162,5.054158,-27.991035,-57.365562,-36.575333,-27.93956,AZ0282-C,training,Anopheles_coluzzii
-82.88786,-73.16235,30.283037,-39.121662,-50.475132,-25.060455,BL0089-C,training,Anopheles_arabiensis
-84.59074,-22.925999,-5.5500307,-42.209785,-35.79923,-21.317656,AB0128-C,training,Anopheles_gambiae
-101.14969,-56.420193,14.488657,-44.548214,-47.39638,-24.431192,BQ0055-C,validation,Anopheles_gambiae
-89.06659,-13.19239,-13.838676,-47.269257,-35.392788,-23.839327,AA0050-C,validation,Anopheles_gambiae
-87.61018,6.104819,-26.021887,-53.577446,-34.008953,-25.51604,AV0249-C,training,Anopheles_coluzzii
-81.12912,-19.025528,-7.305275,-41.760128,-34.328175,-20.697847,AC0106-C,validation,Anopheles_gambiae
-82.949265,-17.008453,-9.007826,-43.565533,-34.900566,-21.350222,AK0045-Cx,training,Anopheles_gambiae
-87.85661,11.069795,-29.645847,-56.2213,-34.11172,-26.39553,AB0276-C,training,Anopheles_coluzzii
-81.63081,-22.05463,-5.281769,-41.140175,-34.822098,-20.777763,AV0030-Cx,training,Anopheles_gambiae
-67.34634,-3.3452482,-14.0980215,-38.695038,-27.57604,-19.181705,AG0448-CW,training,Anopheles_gambiae
-95.21301,11.141884,-32.089355,-60.418488,-36.97676,-28.346663,AZ0274-C,training,Anopheles_coluzzii
-100.96216,-25.965187,-8.429212,-49.779522,-41.145447,-25.761827,AB0433-C,training,Anopheles_gambiae
-85.56201,-80.08187,34.292545,-41.24149,-55.066555,-27.228996,BL0308-C,training,Anopheles_arabiensis
-60.32663,20.274136,-28.753212,-45.44906,-24.525738,-20.962008,AA0089-C,training,Anopheles_coluzzii
-83.668205,-69.727715,27.943462,-38.677837,-48.629955,-24.332563,AC0066-C,training,Anopheles_arabiensis
-91.95497,8.173385,-28.796566,-56.739647,-35.38269,-27.094217,AZ0281-C,training,Anopheles_coluzzii
-85.48659,2.0628924,-22.927061,-50.39372,-32.997116,-24.486937,AG0284-C,training,Anopheles_coluzzii
-82.27167,-21.660286,-5.637962,-41.677986,-35.158585,-20.827145,BK0026-C,training,Anopheles_gambiae
-81.74301,4.9690814,-23.670753,-49.813423,-32.006294,-23.663677,AG0418-CW,training,Anopheles_coluzzii
-79.43096,-76.31146,33.00007,-39.156837,-52.901134,-25.108597,BL0322-C,training,Anopheles_arabiensis
-82.91785,5.570511,-24.22928,-51.16896,-32.53366,-24.07334,AG0368-C,training,Anopheles_coluzzii
-88.45943,-31.18898,-0.49758977,-42.231857,-38.3923,-21.94938,BP0010-C,training,Anopheles_gambiae
-90.79548,-17.657532,-11.396205,-46.71084,-36.321217,-23.890535,AZ0283-C,training,Anopheles_gambiae
-65.13113,30.272463,-36.956142,-52.649063,-27.046429,-23.555338,BK0006-C,training,Anopheles_coluzzii
-84.56868,4.2141743,-24.165676,-50.717022,-32.603165,-24.663849,AZ0271-C,training,Anopheles_coluzzii
-96.38272,-15.759657,-14.309771,-50.19332,-38.00467,-25.55558,AJ0122-C,training,Anopheles_gambiae
-94.1819,-16.430073,-13.27895,-48.80542,-37.243576,-24.967081,AB0389-C,training,Anopheles_gambiae
-93.02557,-19.678665,-10.450381,-47.678364,-38.082417,-23.92889,AB0155-Cx,training,Anopheles_gambiae
-66.34538,-20.93763,-1.2522873,-33.527985,-29.700748,-16.67439,AN0503-CW,training,Anopheles_gambiae
-94.57437,-19.809647,-10.992444,-47.8468,-37.885036,-24.523457,AZ0331-C,training,Anopheles_gambiae
-71.89874,-19.249493,-4.1743865,-36.98842,-31.466093,-18.347586,AV0047-C,training,Anopheles_gambiae
-82.46136,-30.696928,1.1429423,-39.595158,-36.581753,-20.058521,BK0005-C,training,Anopheles_gambiae
-93.4671,7.816259,-28.960659,-57.264175,-35.738045,-27.53207,AB0193-C,training,Anopheles_coluzzii
-94.62732,6.2027316,-28.212093,-57.50714,-36.31466,-27.406582,AZ0276-C,training,Anopheles_coluzzii
-83.52491,-15.998997,-9.947765,-44.1457,-34.584164,-21.843561,BL0109-C,validation,Anopheles_gambiae
-98.39435,-18.12138,-13.228798,-50.546093,-39.018124,-25.784569,VBS02097-4431STDY6772815,training,Anopheles_gambiae
-87.1293,2.673186,-23.825716,-51.82936,-33.743374,-25.082502,AG0023-C,training,Anopheles_coluzzii
-89.95445,-25.138554,-5.4633255,-44.54142,-37.918884,-22.732273,AC0226-C,validation,Anopheles_gambiae
-88.78642,-17.089966,-10.986624,-46.055542,-36.059147,-23.182098,AK0096-C,training,Intermediate_gambiae_coluzzii
-85.76467,-22.813732,-6.07726,-42.798088,-35.869343,-21.931353,AB0147-C,training,Anopheles_gambiae
-73.04934,-17.959293,-5.6935687,-37.562885,-31.251595,-18.818626,AN0042-C,training,Anopheles_gambiae
-72.93344,-14.925488,-7.7447863,-38.527977,-30.975952,-19.18775,AN0094-C,training,Anopheles_gambiae
-74.9348,14.312028,-28.289719,-50.840626,-29.711206,-23.53562,AA0055-C,training,Anopheles_coluzzii
-83.63603,-78.529175,33.666824,-40.323845,-54.012394,-26.596527,AK0044-C,training,Anopheles_arabiensis
-101.983826,8.235284,-31.779495,-62.345623,-38.8876,-29.827253,AZ0298-C,training,Anopheles_coluzzii
-68.946815,-24.476162,0.4980505,-34.059387,-31.350006,-17.043934,AS0068-C,training,Anopheles_gambiae
-87.262985,11.675505,-30.014008,-56.246735,-33.86897,-26.333311,AV0304-C,training,Anopheles_coluzzii
-92.97269,-11.120659,-16.51243,-49.670994,-36.215008,-25.299845,AZ0254-C,training,Anopheles_gambiae
-85.80735,5.0090003,-25.005127,-51.83931,-33.095985,-25.161514,AB0194-C,training,Anopheles_coluzzii
-88.011185,6.5394244,-26.541698,-54.156334,-34.26504,-25.670174,VBS02064-4431STDY6672932,training,Anopheles_coluzzii
-75.68136,-22.16966,-3.2478871,-38.05939,-33.229668,-19.059677,AV0107-C,training,Anopheles_gambiae
-99.863754,-16.506224,-14.668491,-52.26963,-39.74689,-26.145063,AZ0325-C,training,Anopheles_gambiae
-111.89282,-50.799294,7.121131,-49.873188,-49.380764,-26.453854,BQ0119-C,training,Anopheles_gambiae
-92.85966,-16.641613,-12.5388365,-48.144905,-37.179333,-24.408188,AV0325-C,training,Anopheles_gambiae
-89.2003,7.2651305,-27.465982,-54.678497,-34.232594,-26.25338,AA0115-C,training,Anopheles_coluzzii
-58.441837,30.62238,-35.09973,-49.47135,-25.120464,-21.835817,BK0024-C,training,Anopheles_coluzzii
-84.111404,-74.99513,31.055275,-39.84326,-51.76005,-25.510178,AC0087-Cx,training,Anopheles_arabiensis
-72.573906,-23.20082,-1.4915107,-36.519604,-32.512108,-18.153675,AN0587-CW,training,Anopheles_gambiae
-91.41521,-5.447519,-19.713837,-51.297638,-35.600708,-25.377752,AG0442-CW,training,Anopheles_gambiae
-104.43788,-50.874275,9.23211,-46.392002,-47.082066,-24.704174,BL0368-C,training,Anopheles_gambiae
-89.011765,-7.992931,-17.311478,-48.787384,-34.874172,-24.259203,AG0456-CW,training,Anopheles_gambiae
-62.684647,32.906555,-37.971523,-52.5553,-26.669546,-23.641504,AR0027-C,training,Anopheles_coluzzii
-60.28766,11.624105,-22.000633,-41.793854,-24.51823,-19.271523,AV0149-C,training,Anopheles_coluzzii
-94.015976,-23.333876,-8.215763,-46.974476,-38.531857,-24.061607,AC0116-C,training,Anopheles_gambiae
-91.87935,5.982803,-27.356544,-55.61739,-35.269253,-26.755442,AV0237-C,training,Anopheles_coluzzii
-76.72832,25.212584,-37.27662,-56.637466,-30.356468,-25.788303,BK0015-C,training,Anopheles_coluzzii
-58.088963,-1.4362504,-12.269407,-35.263134,-25.328342,-16.870249,AJ0061-C,training,Anopheles_gambiae
-77.92706,13.404024,-28.723448,-51.628902,-30.576643,-24.13613,AB0209-C,training,Anopheles_coluzzii
-73.304085,-69.81283,30.360584,-36.39791,-48.826977,-22.89862,AC0019-C,training,Anopheles_arabiensis
-79.01643,-74.57897,32.074165,-38.455017,-51.51119,-25.012712,BL0278-C,training,Anopheles_arabiensis
-86.12909,-78.73291,33.177563,-41.262375,-54.14628,-26.827877,BL0233-C,training,Anopheles_arabiensis
-74.70314,-23.897285,-1.6890007,-37.473236,-33.321995,-18.559797,BP0041-C,training,Anopheles_gambiae
-79.54716,-75.96451,32.916058,-38.969524,-52.57211,-25.218287,BL0269-C,training,Anopheles_arabiensis
-87.35616,-77.99695,32.218803,-41.12271,-53.422092,-26.804714,AZ0160-C,training,Anopheles_arabiensis
-101.307686,6.927131,-30.745384,-60.688545,-38.18517,-29.649246,AB0258-Cx,training,Anopheles_coluzzii
-102.99336,-55.913498,13.574264,-44.895447,-47.44971,-24.944458,AP0013-Cx,training,Anopheles_gambiae
-46.519142,-1.459179,-9.11595,-28.051474,-20.84793,-13.95178,AG0454-CW,training,Anopheles_gambiae
-81.61742,-26.79503,-1.5196711,-40.223602,-35.96531,-20.209393,AC0298-C,training,Anopheles_gambiae
-57.68808,-2.7158587,-11.512926,-34.002434,-24.667929,-16.7059,AJ0059-C,training,Anopheles_gambiae
-100.91945,-50.336796,9.992373,-44.89716,-45.922226,-23.863182,BQ0070-C,training,Anopheles_gambiae
-92.108315,-78.88658,32.1858,-42.59297,-54.049313,-27.722715,BL0213-C,training,Anopheles_arabiensis
-83.731346,-79.51455,34.277283,-40.428024,-54.688206,-26.979982,BL0335-C,training,Anopheles_arabiensis
-78.6983,-16.702242,-8.28624,-40.922405,-32.83081,-20.475214,AV0277-C,training,Anopheles_gambiae
-79.95294,-30.502995,1.5537935,-37.9886,-35.593758,-19.487217,AV0235-CW,validation,Anopheles_gambiae
-99.93006,-18.915173,-13.085568,-51.584003,-40.171127,-25.925549,AN0425-C,training,Anopheles_gambiae
-79.4106,4.875009,-22.977411,-48.88707,-31.196499,-23.207365,AV0262-C,training,Anopheles_coluzzii
-75.87743,-65.30947,26.824003,-36.15023,-45.96222,-22.187536,AC0008-C,training,Anopheles_arabiensis
-94.26369,-45.738167,8.450943,-42.057568,-42.651196,-22.425611,BL0391-C,validation,Anopheles_gambiae
-95.13781,-3.671883,-21.827198,-53.841682,-36.814148,-26.498556,AJ0145-C,training,Anopheles_gambiae
-75.56438,16.666908,-30.49874,-52.147404,-30.018557,-24.012499,AY0084-C,training,Anopheles_coluzzii
-84.8236,5.4692883,-25.061192,-51.058014,-32.39707,-24.997765,AB0282-Cx,training,Anopheles_coluzzii
-62.39399,12.206158,-23.003529,-43.042824,-25.228968,-20.047554,AA0138-C,training,Anopheles_coluzzii
-64.01563,31.248478,-37.23855,-52.715385,-26.890493,-23.58904,AN0402-C,training,Anopheles_coluzzii
-77.08198,-15.477656,-8.485322,-40.55113,-32.364353,-20.092882,AN0149-C,validation,Anopheles_gambiae
-88.57396,-81.3913,34.323997,-42.197887,-55.755764,-27.84716,AZ0202-C,training,Anopheles_arabiensis
-86.280655,-23.192242,-5.982506,-42.536522,-35.660206,-22.137577,AC0137-C,training,Anopheles_gambiae
-71.47008,24.585049,-35.314404,-53.51014,-28.196518,-24.531805,BK0002-C,training,Anopheles_coluzzii
-80.22092,16.679722,-31.779968,-54.651615,-31.691723,-25.231203,AA0092-C,training,Anopheles_coluzzii
-74.51829,-25.695211,-0.29953998,-36.666763,-33.328396,-18.48931,AB0318-C,training,Anopheles_gambiae
-66.56211,-19.452332,-2.578619,-33.980034,-29.86276,-17.002945,AA0057-C,training,Anopheles_gambiae
-85.77184,-33.949455,2.3484697,-40.330433,-37.928196,-20.859404,AS0020-C,training,Anopheles_gambiae
-78.36073,-12.759799,-10.845074,-41.824623,-31.991955,-20.940102,AA0119-C,training,Anopheles_gambiae
-93.547485,-17.274446,-12.474192,-47.977463,-36.91581,-24.735613,AN0426-C,training,Anopheles_gambiae
-83.72955,-28.165663,-1.3044056,-40.694855,-36.625225,-20.744143,AN0109-C,training,Anopheles_gambiae
-92.664215,5.163536,-27.013878,-55.6259,-35.432472,-26.761906,AZ0434-CW,training,Anopheles_coluzzii
-86.13051,-79.13452,33.413754,-41.178864,-54.267574,-27.013615,AC0023-C,training,Anopheles_arabiensis
-78.99661,-22.904514,-3.7976692,-39.475826,-34.135,-19.932571,AN0083-C,training,Anopheles_gambiae
-88.53252,14.701092,-32.770638,-58.003014,-34.239132,-27.268238,AZ0291-C,training,Anopheles_coluzzii
-87.0674,-24.139896,-5.2720795,-43.579544,-37.15465,-21.913507,AV0263-C,training,Anopheles_gambiae
-50.58516,12.40697,-19.305435,-36.95821,-21.648327,-16.85658,AG0200-C,training,Anopheles_coluzzii
-74.26582,11.579014,-26.05132,-49.50631,-29.531858,-22.877363,AA0090-C,training,Anopheles_coluzzii
-78.797676,9.309122,-25.69606,-50.69493,-31.148907,-23.613901,AY0087-C,validation,Anopheles_coluzzii
-60.831287,17.765556,-26.773819,-44.9487,-25.079613,-20.604973,AV0220-C,validation,Anopheles_coluzzii
-82.50427,9.219193,-26.76279,-52.420517,-32.2978,-24.669577,AG0321-C,training,Anopheles_coluzzii
-76.369675,-17.162518,-7.1482987,-39.603706,-32.2598,-19.685062,AJ0127-C,training,Anopheles_gambiae
-101.515625,-56.79992,14.513015,-45.130234,-47.827236,-24.50959,AP0032-C,training,Anopheles_gambiae
-86.456314,-21.26606,-7.4677286,-43.322952,-35.499203,-22.29851,AV0406-C,training,Anopheles_gambiae
-85.80937,-80.23331,34.23556,-41.38614,-55.14368,-27.270134,BL0307-C,training,Anopheles_arabiensis
-95.909966,-17.403269,-13.019947,-49.354,-37.803795,-25.370073,AB0160-Cx,training,Anopheles_gambiae
-104.13392,-35.52305,-1.9033619,-48.838722,-43.997143,-25.86694,AC0272-C,training,Anopheles_gambiae
-88.706314,-31.870861,0.048541848,-42.170242,-38.57947,-21.849916,AC0225-C,training,Anopheles_gambiae
-89.37379,-22.571453,-7.384816,-44.562477,-36.688503,-23.00252,AZ0259-C,training,Anopheles_gambiae
-89.08755,7.36165,-27.443556,-54.708405,-34.24883,-26.256502,AG0373-C,training,Anopheles_coluzzii
-70.06144,-20.700247,-2.5678697,-35.697548,-31.256123,-17.695616,AV0041-C,training,Anopheles_gambiae
-76.51106,-13.558891,-9.583582,-40.975613,-32.13299,-20.073532,AC0155-C,validation,Anopheles_gambiae
-90.8943,-20.740557,-9.18733,-45.810913,-36.953114,-23.521957,AN0427-C,training,Anopheles_gambiae
-89.79051,-21.080862,-8.472362,-45.461304,-37.243214,-22.9429,BL0065-C,training,Anopheles_gambiae
-93.69879,-19.26311,-11.076485,-47.809734,-37.700687,-24.330513,AA0072-C,training,Anopheles_gambiae
-92.46579,-18.367342,-11.314269,-47.341187,-36.991554,-24.204468,AB0272-Cx,training,Anopheles_gambiae
-78.09709,12.52926,-27.862925,-51.62729,-30.698822,-24.078362,AY0045-C,training,Anopheles_coluzzii
-82.44719,-5.085171,-17.396854,-46.18963,-32.413105,-23.032398,AG0146-C,validation,Anopheles_gambiae
-62.644615,-1.9478831,-13.332235,-37.502975,-26.675411,-17.967806,AJ0155-C,training,Anopheles_gambiae
-91.68588,-16.902966,-11.926367,-47.55184,-36.921665,-23.894524,AZ0330-C,training,Anopheles_gambiae
-68.88225,23.637625,-33.854794,-52.058212,-27.54334,-23.587303,BK0042-C,validation,Anopheles_coluzzii
-67.94394,-22.896454,-0.36868757,-33.801903,-30.599575,-16.976889,AV0037-C,training,Anopheles_gambiae
-79.63359,9.5125885,-26.310469,-50.354107,-30.84006,-24.169775,AZ0416-CW,training,Anopheles_coluzzii
-91.10857,-19.408281,-10.1595745,-46.56665,-37.065838,-23.575775,AB0374-C,training,Anopheles_gambiae
-86.370346,-47.57527,11.9219885,-38.967876,-40.779385,-20.994076,AP0020-C,training,Anopheles_gambiae
-75.90309,7.938576,-23.819344,-48.4774,-30.253708,-22.573626,AG0050-C,training,Anopheles_coluzzii
-70.13082,-21.801867,-1.9273485,-34.991127,-30.894606,-17.773712,AN0586-CW,training,Anopheles_gambiae
-72.055084,-14.928097,-7.5243793,-37.97523,-30.497082,-18.980976,AN0577-CW,training,Anopheles_gambiae
-87.451706,-29.366837,-1.6096128,-42.132,-37.78779,-21.765923,AB0270-C,training,Anopheles_gambiae
-88.11586,9.9493475,-28.927235,-55.555065,-34.08463,-26.314678,AB0138-Cx,training,Anopheles_coluzzii
-77.86084,-27.395771,0.033477847,-37.91066,-34.475212,-19.335215,AN0300-C,training,Anopheles_gambiae
-100.35968,-32.489582,-3.2293384,-47.641285,-42.198666,-25.117393,AV0143-C,validation,Anopheles_gambiae
-91.73999,8.689349,-28.997253,-56.72135,-35.256405,-27.189316,AB0503-C,training,Anopheles_coluzzii
-82.3383,-73.90588,30.90289,-39.16769,-51.066906,-25.123684,AC0075-C,training,Anopheles_arabiensis
-89.3047,-24.261494,-5.961776,-44.188297,-37.280903,-22.656101,AB0177-C,training,Anopheles_gambiae
-104.29451,-48.853992,7.888993,-46.510185,-46.702232,-24.619398,AK0226-C,training,Anopheles_gambiae
-82.781876,-16.890333,-9.533606,-42.440163,-33.586895,-21.742617,AV0409-C,training,Anopheles_gambiae
-101.96176,-40.920494,2.7657242,-46.897343,-44.511948,-24.495089,BL0137-C,training,Anopheles_gambiae
-81.64392,-23.911072,-3.7762134,-40.80677,-35.47401,-20.386127,AB0231-C,training,Anopheles_gambiae
-87.19261,5.361209,-25.543617,-52.854893,-33.78299,-25.369993,AB0246-C,training,Anopheles_coluzzii
-89.73889,-23.296364,-6.8565626,-44.81678,-37.30868,-22.866728,AB0233-C,training,Anopheles_gambiae
-95.888824,-22.907177,-9.049558,-48.022774,-39.110752,-24.51554,AN0428-C,training,Anopheles_gambiae
-73.07805,-22.181,-2.549065,-36.47818,-32.05921,-18.43726,AV0338-C,training,Anopheles_gambiae
-98.612114,3.1119673,-27.543354,-57.748863,-37.28864,-28.337132,VBS02054-4431STDY6672922,training,Anopheles_coluzzii
-105.48126,-32.21316,-4.9619455,-50.44388,-43.840088,-26.479347,AB0471-C,training,Anopheles_gambiae
-73.29465,-2.5899637,-16.276306,-42.570786,-29.50886,-20.843548,AJ0038-C,training,Anopheles_gambiae
-69.54969,-21.100342,-2.120331,-35.284317,-31.190037,-17.498135,AN0158-C,training,Anopheles_gambiae
-59.306934,20.328186,-28.40214,-45.132286,-24.350235,-20.59044,AA0051-C,training,Anopheles_coluzzii
-76.876175,14.430206,-28.975468,-52.046326,-30.531559,-23.964964,AA0097-C,validation,Anopheles_coluzzii
-57.018944,17.645744,-25.713667,-42.451237,-23.583979,-19.668146,AY0036-C,training,Anopheles_coluzzii
-65.706406,36.919785,-41.719284,-55.760456,-28.516869,-25.509642,AR0083-C,validation,Anopheles_coluzzii
-71.96219,-22.614672,-1.6465229,-36.47764,-32.570393,-17.982676,AA0129-C,training,Anopheles_gambiae
-93.66895,4.4463787,-26.875309,-55.916313,-35.843754,-27.084703,AB0234-C,training,Anopheles_coluzzii
-93.44513,-18.85272,-11.287175,-47.76152,-37.56747,-24.338047,AZ0261-C,training,Anopheles_gambiae
-70.09653,-0.68321806,-16.291798,-41.88768,-28.918621,-19.915798,AJ0056-C,training,Anopheles_gambiae
-77.42479,-17.860508,-6.934176,-40.178833,-32.80015,-19.925762,AN0224-Cx,training,Anopheles_gambiae
-71.82501,4.598917,-20.339506,-44.75586,-28.9917,-20.897352,AA0039-C,validation,Anopheles_coluzzii
-86.810974,-20.45622,-7.9848022,-44.219067,-36.174503,-22.200748,AB0148-Cx,training,Anopheles_gambiae
-86.05063,11.407061,-29.427496,-55.342014,-33.43753,-26.082577,AA0076-C,training,Anopheles_coluzzii
-83.798836,-77.181786,32.64273,-40.142014,-53.003902,-26.269266,BL0344-C,training,Anopheles_arabiensis
-64.82482,21.324621,-30.880493,-48.444748,-26.006647,-22.20399,AA0042-C,training,Anopheles_coluzzii
-73.72237,-71.06775,30.983433,-36.647144,-49.527298,-23.173872,BL0310-C,training,Anopheles_arabiensis
-75.413864,-23.206121,-2.442037,-37.7065,-33.14735,-19.015085,AJ0126-C,training,Anopheles_gambiae
-84.56068,-78.45279,33.49163,-40.545696,-53.949566,-26.695852,AK0298-C,training,Anopheles_arabiensis
-80.29697,-13.012938,-11.12801,-43.14885,-33.359882,-20.979233,AV0002-C,training,Anopheles_gambiae
-82.02255,-78.15704,33.517197,-40.264732,-54.04797,-25.86477,BL0338-C,training,Anopheles_arabiensis
-82.94906,-16.629665,-9.722828,-42.822323,-33.874905,-21.645382,AB0085-Cx,training,Anopheles_gambiae
-81.0733,-31.312407,1.9792734,-38.531757,-36.050045,-19.743542,AS0076-C,training,Anopheles_gambiae
-67.62671,11.061729,-23.488071,-45.921963,-27.647161,-21.009274,AV0161-C,validation,Anopheles_coluzzii
-75.59127,-24.569265,-1.2774237,-37.666504,-33.73862,-18.749426,AC0176-Cx,training,Anopheles_gambiae
-85.66409,9.366715,-27.8368,-53.42148,-32.65777,-25.793333,AB0237-C,training,Anopheles_coluzzii
-68.26651,10.330537,-23.198097,-45.6933,-27.683693,-21.150276,AY0023-C,validation,Anopheles_coluzzii
-85.43021,7.5172424,-26.478397,-52.775146,-33.022408,-25.392992,AB0091-C,training,Anopheles_coluzzii
-70.36231,-20.741592,-2.7152357,-35.494423,-31.146553,-17.945518,AB0325-C,training,Anopheles_gambiae
-91.87666,7.602375,-28.34152,-56.428818,-35.251907,-27.025143,AB0092-C,training,Anopheles_coluzzii
-98.52901,3.6029344,-27.797007,-57.73781,-37.144302,-28.440075,AB0240-C,training,Anopheles_coluzzii
-92.00598,9.528722,-29.872917,-57.486076,-35.320385,-27.385715,VBS02062-4431STDY6672930,training,Anopheles_coluzzii
-78.4937,-73.67187,31.703247,-38.223404,-51.00127,-24.761063,AK0046-C,training,Anopheles_arabiensis
-91.32043,-14.382054,-13.719874,-47.806507,-36.038296,-24.278667,AB0161-C,training,Anopheles_gambiae
-102.88852,-50.847355,9.823205,-45.459404,-46.39921,-24.427824,BQ0129-C,training,Anopheles_gambiae
-86.2526,13.844015,-31.276865,-56.64233,-33.53548,-26.433983,AY0020-C,validation,Anopheles_coluzzii
-66.743355,-25.531382,1.749418,-32.769707,-30.72638,-16.514486,AS0064-C,training,Anopheles_gambiae
-94.985535,2.1285732,-25.728014,-55.747482,-36.409893,-27.073526,AG0314-C,training,Anopheles_coluzzii
-73.84813,-31.186176,3.6045167,-35.014732,-33.655178,-17.935232,AS0065-C,training,Anopheles_gambiae
-92.302185,-37.743443,3.2363393,-42.85604,-40.71017,-22.291348,BL0116-C,training,Anopheles_gambiae
-82.50946,-18.529861,-8.123626,-42.344208,-34.40472,-21.277557,AN0321-C,training,Anopheles_gambiae
-92.4391,-33.897102,0.35078317,-43.48023,-40.14153,-22.633059,BK0029-C,validation,Anopheles_gambiae
-87.569214,-4.977799,-18.9535,-49.178417,-34.1061,-24.525293,AG0445-CW,training,Anopheles_gambiae
-89.4949,-81.21175,34.164017,-42.569717,-55.680405,-27.89519,AZ0188-C,training,Anopheles_arabiensis
-66.06381,-20.43454,-1.5103277,-33.76751,-30.162329,-16.534061,AN0624-CW,training,Anopheles_gambiae
-93.16807,-24.425213,-7.169385,-46.30188,-38.65433,-23.61768,AB0143-Cx,validation,Anopheles_gambiae
-63.67884,15.499048,-25.646696,-45.394234,-26.125786,-20.69875,AN0348-C,validation,Anopheles_coluzzii
-86.882675,-6.3605695,-17.716557,-48.316177,-34.16139,-23.976282,AJ0138-C,training,Anopheles_gambiae
-97.6592,-21.445375,-10.835301,-49.15009,-39.074764,-25.342745,VBS02090-4431STDY6772809,training,Anopheles_gambiae
-79.57319,-19.776363,-6.225137,-40.72235,-33.965107,-20.247934,AV0389-C,training,Anopheles_gambiae
-61.674004,30.355265,-35.89506,-50.749516,-25.843779,-22.79919,AR0034-C,training,Anopheles_coluzzii
-66.3867,19.897072,-30.308384,-49.028824,-26.876638,-22.352243,AA0128-C,training,Anopheles_coluzzii
-81.58574,-9.20513,-14.016305,-45.266544,-33.703815,-21.867878,AK0085-C,training,Intermediate_gambiae_coluzzii
-92.02597,2.2209165,-25.096596,-53.72495,-34.846313,-26.605127,AB0121-C,training,Anopheles_coluzzii
-92.68893,7.1046424,-28.258474,-56.700153,-35.759296,-27.059984,VBS02068-4431STDY6672936,training,Anopheles_coluzzii
-68.0047,19.157425,-30.127407,-49.19801,-27.248167,-22.516039,AA0110-C,training,Anopheles_coluzzii
-86.473206,6.0278754,-25.79186,-52.884323,-33.36839,-25.296522,VBS02049-4431STDY6672917,training,Anopheles_coluzzii
-55.961052,-0.578088,-12.318208,-34.05913,-24.122742,-16.414433,AJ0085-C,training,Anopheles_gambiae
-98.300735,-20.383602,-11.5232315,-50.201637,-39.699684,-25.334286,AB0167-C,training,Anopheles_gambiae
-82.506256,-74.38817,31.230381,-39.23475,-51.21416,-25.416136,BL0227-C,training,Anopheles_arabiensis
-98.59308,8.3565,-30.958849,-60.603542,-37.65934,-28.890085,VBS02057-4431STDY6672925,training,Anopheles_coluzzii
-67.369354,-19.785357,-2.4247894,-34.40005,-30.169376,-17.046274,AA0108-C,training,Anopheles_gambiae
-92.103485,7.470502,-28.332794,-56.756638,-35.62826,-26.955984,AB0189-C,training,Anopheles_coluzzii
-89.869896,6.4669356,-27.057613,-54.904198,-34.51819,-26.287928,AZ0273-C,training,Anopheles_coluzzii
-75.60265,-69.555115,29.485603,-36.770245,-48.444134,-23.083242,BL0184-C,training,Anopheles_arabiensis
-80.295395,-26.750278,-1.2598878,-39.39489,-35.363644,-19.852724,AB0205-C,validation,Anopheles_gambiae
-70.94553,-63.772827,26.879063,-34.290215,-44.805653,-21.21081,AK0054-C,validation,Anopheles_arabiensis
-51.739708,26.411148,-29.755424,-43.086845,-21.993458,-19.2785,BK0008-C,training,Anopheles_coluzzii
-98.50034,-22.079208,-10.536146,-49.537014,-39.754993,-25.35933,AN0474-C,training,Anopheles_gambiae
-92.12865,5.33473,-26.930922,-55.565624,-35.471626,-26.703884,AZ0339-C,training,Anopheles_coluzzii
-94.18535,-18.733166,-11.458846,-48.394062,-37.897102,-24.565668,AB0238-C,training,Anopheles_gambiae
-112.879005,-61.14215,14.635812,-49.045826,-51.845028,-27.184145,AP0009-C,training,Anopheles_gambiae
-83.43268,-74.92453,31.640465,-39.514305,-51.56381,-26.017214,AK0284-C,training,Anopheles_arabiensis
-77.85478,13.266754,-28.324324,-51.574615,-30.283699,-24.269964,AZ0268-C,training,Anopheles_coluzzii
-81.55954,-16.573196,-9.238116,-42.476097,-33.815723,-21.242144,AA0082-C,training,Anopheles_gambiae
-84.79968,-24.036333,-4.8129234,-42.225464,-35.992184,-21.506397,AA0096-C,training,Anopheles_gambiae
-85.741684,-14.446132,-12.103541,-44.69917,-34.100582,-22.968239,AV0336-C,training,Anopheles_gambiae
-94.52994,6.9104166,-28.807531,-57.387325,-36.17954,-27.761442,AZ0290-C,training,Anopheles_coluzzii
-72.10181,-24.009197,-0.7136182,-36.087914,-32.46178,-17.891527,BK0048-C,training,Anopheles_gambiae
-81.503685,-74.71575,31.737665,-39.326916,-51.689953,-25.270899,BL0294-C,training,Anopheles_arabiensis
-70.09908,-1.8594567,-15.652032,-41.51973,-28.982815,-19.90125,AG0208-C,training,Anopheles_gambiae
-106.50752,-60.61691,16.099234,-46.569145,-49.76284,-26.01291,AP0006-C,training,Anopheles_gambiae
-74.975235,-21.762657,-3.2560015,-37.8966,-33.058563,-18.752426,AN0405-CW,training,Anopheles_gambiae
-79.222534,-70.51926,29.504227,-37.57006,-48.8167,-24.036407,BL0082-C,training,Anopheles_arabiensis
-100.91344,5.758034,-29.873604,-60.23792,-38.154213,-29.309473,AV0248-C,training,Anopheles_coluzzii
-77.224686,-11.172588,-11.515783,-41.67809,-31.741253,-20.75453,AN0098-C,training,Anopheles_gambiae
-73.83087,-23.170925,-2.185981,-36.491543,-32.41426,-18.647182,AN0051-C,training,Anopheles_gambiae
-74.66283,11.778795,-26.293638,-49.722538,-29.768818,-23.00755,AG0130-C,training,Anopheles_coluzzii
-84.3165,8.573474,-26.90397,-52.622673,-32.475437,-25.100595,AB0099-Cx,training,Anopheles_coluzzii
-105.74498,-49.45677,7.9453154,-47.12393,-47.13385,-25.012453,BL0348-C,training,Anopheles_gambiae
-99.20001,5.864316,-29.402657,-59.411835,-37.657772,-28.834309,AB0410-C,training,Anopheles_coluzzii
-67.42061,30.7033,-37.84878,-54.03414,-27.606487,-24.48063,AR0100-C,training,Anopheles_coluzzii
-89.8503,-18.267578,-10.57942,-46.26536,-36.41554,-23.49706,AA0048-C,training,Anopheles_gambiae
-73.76167,-26.992363,0.9074715,-36.093845,-33.39199,-18.103123,AN0247-C,training,Anopheles_gambiae
-47.178764,-15.352363,0.37355584,-24.89051,-23.417318,-12.1314535,AN0579-CW,training,Anopheles_gambiae
-85.300156,2.080616,-22.856424,-50.337082,-33.02945,-24.39131,AG0051-C,training,Anopheles_coluzzii
-84.715454,-12.346676,-12.976458,-45.542133,-34.389965,-22.51242,AB0314-C,training,Anopheles_gambiae
-85.81075,-27.502773,-2.2771602,-42.369606,-37.69024,-21.116688,BP0072-C,training,Anopheles_gambiae
-90.98363,-17.390934,-11.6217575,-46.736588,-36.4615,-23.826824,AN0269-C,training,Anopheles_gambiae
-92.842316,-19.872116,-10.33116,-47.309002,-37.703598,-23.968775,AV0001-C,training,Anopheles_gambiae
-85.28901,-76.64444,32.012005,-40.539825,-52.7577,-26.162474,BL0187-C,training,Anopheles_arabiensis
-95.26586,-52.337402,13.027885,-42.62719,-44.58292,-23.047592,AP0010-C,training,Anopheles_gambiae
-68.83957,-60.556732,25.578707,-32.608513,-42.261295,-20.890764,AK0057-Cx,training,Anopheles_arabiensis
-95.99095,4.7872667,-27.798733,-57.33863,-36.718178,-27.708311,VBS02058-4431STDY6672926,training,Anopheles_coluzzii
-69.10201,-3.8665483,-13.988475,-40.175785,-28.654083,-19.549503,AJ0049-C,training,Anopheles_gambiae
-98.97986,4.9222918,-28.7671,-58.677223,-37.454704,-28.620277,AB0266-Cx,training,Anopheles_coluzzii
-66.47692,25.97776,-34.569633,-51.85852,-26.824675,-23.226574,AN0511-CW,training,Anopheles_coluzzii
-72.539276,-23.272755,-1.2364823,-36.688377,-32.823986,-17.97223,AN0079-C,training,Anopheles_gambiae
-78.6464,-28.213884,0.3822282,-38.546974,-35.20569,-19.324228,AN0408-C,training,Anopheles_gambiae
-78.65285,-21.691572,-4.439206,-39.824974,-34.049522,-19.8157,BP0016-C,training,Anopheles_gambiae
-69.15346,6.3966594,-20.717962,-44.1083,-27.85598,-20.804571,AG0334-C,training,Anopheles_coluzzii
-87.67499,-81.663284,34.74073,-42.09001,-56.023895,-27.869165,BL0247-C,training,Anopheles_arabiensis
-84.00176,-75.67288,31.621304,-39.93503,-52.10405,-25.785816,AZ0158-C,training,Anopheles_arabiensis
-84.574005,-29.898544,-0.30249113,-40.324104,-36.68294,-21.001026,BK0078-C,training,Anopheles_gambiae
-92.64495,-35.94834,1.811896,-43.296623,-40.436077,-22.639019,AC0251-C,training,Anopheles_gambiae
-80.41046,-3.088692,-18.06343,-45.966305,-31.718494,-22.806133,AG0109-C,training,Anopheles_gambiae
-81.87742,2.0352745,-21.689915,-49.00588,-32.434357,-23.348812,AZ0344-C,training,Anopheles_coluzzii
-54.156044,-20.104122,1.6335553,-27.370682,-26.12831,-13.554822,AN0580-CW,training,Anopheles_gambiae
-83.624756,7.465563,-25.880432,-51.803932,-32.356,-24.749115,AG0412-CW,training,Anopheles_coluzzii
-82.86072,-23.974495,-4.273221,-41.002113,-35.24889,-20.998114,AA0070-C,training,Anopheles_gambiae
-86.37216,8.382071,-27.275686,-53.897835,-33.26667,-25.540503,AB0259-Cx,training,Anopheles_coluzzii
-80.25662,-12.437186,-11.669399,-42.83531,-32.650055,-21.375023,AV0392-C,training,Anopheles_gambiae
-75.96402,-12.808246,-10.033381,-40.790157,-31.717266,-20.103172,AA0122-C,training,Anopheles_gambiae
-64.387924,21.459084,-30.81559,-48.440845,-25.951796,-22.19335,AV0173-C,training,Anopheles_coluzzii
-99.23886,-21.73553,-10.968943,-50.098305,-39.921192,-25.584175,AB0207-C,training,Anopheles_gambiae
-51.264565,21.87408,-26.811026,-41.405674,-21.550074,-18.169954,AN0607-CW,training,Anopheles_coluzzii
-82.6561,-19.792263,-7.421978,-41.148766,-33.416245,-21.710089,AV0287-C,training,Anopheles_gambiae
-87.08627,-75.71686,31.07418,-40.90149,-52.365055,-25.99789,BL0327-C,training,Anopheles_arabiensis
-79.65774,14.729712,-30.100601,-53.701714,-31.44927,-24.820766,AA0073-C,training,Anopheles_coluzzii
-34.857887,14.28124,-16.43198,-28.457869,-15.9228115,-12.763312,AN0633-CW,training,Anopheles_coluzzii
-46.517433,13.363078,-19.323112,-35.059616,-20.18582,-15.968496,AA0136-C,training,Anopheles_coluzzii
-78.859726,-21.59844,-4.5800514,-40.018738,-34.176,-19.954689,AZ0326-C,training,Anopheles_gambiae
-98.51998,-21.118004,-10.993012,-50.25776,-40.15817,-25.17681,AJ0120-C,training,Anopheles_gambiae
-95.80441,4.0217237,-27.123646,-56.994896,-36.81912,-27.441364,AZ0293-C,training,Anopheles_coluzzii
-89.560555,-29.44349,-2.0376654,-43.25212,-38.64416,-22.167969,AC0118-C,training,Anopheles_gambiae
-88.09807,-27.152802,-3.3474367,-43.325535,-37.867767,-22.00589,AC0277-C,training,Anopheles_gambiae
-98.00667,3.413282,-27.605959,-57.344673,-37.13826,-28.239992,AB0181-C,training,Anopheles_coluzzii
-98.112656,-20.004253,-11.805331,-50.0886,-39.420013,-25.448038,AZ0304-C,training,Anopheles_gambiae
-73.136086,-23.400589,-1.464347,-36.62579,-32.70921,-18.164347,AN0184-C,training,Anopheles_gambiae
-89.14932,-17.017365,-11.150445,-46.425415,-36.41588,-23.153046,AZ0300-C,training,Anopheles_gambiae
-85.78395,-50.391083,14.405654,-38.23619,-41.039936,-21.1923,AP0002-C,training,Anopheles_gambiae
-99.49662,-18.741596,-13.201831,-50.798756,-39.30453,-26.092213,AB0208-C,training,Anopheles_gambiae
-91.52766,10.038361,-30.119385,-57.670624,-35.247814,-27.267536,BK0031-C,training,Anopheles_coluzzii
-90.33702,5.7852674,-26.670815,-54.660492,-34.733353,-26.34331,AB0267-C,validation,Anopheles_coluzzii
-86.447014,-76.533905,31.848328,-40.654602,-52.492912,-26.521395,BL0273-C,training,Anopheles_arabiensis
-57.8245,-0.38713583,-12.885893,-35.17051,-24.682182,-16.845842,AJ0140-C,training,Anopheles_gambiae
-97.031845,-25.484768,-7.5318875,-47.79621,-39.788357,-24.73915,VBS02103-4431STDY6772819,validation,Anopheles_gambiae
-98.554344,-23.063122,-9.814817,-49.436928,-40.017284,-25.315699,AN0036-C,training,Anopheles_gambiae
-88.19133,7.033686,-27.01682,-54.104977,-33.903168,-25.945522,AV0320-C,training,Anopheles_coluzzii
-88.695984,-81.05484,34.35531,-42.186424,-55.594784,-27.972893,BL0158-C,training,Anopheles_arabiensis
-82.587204,-32.583252,2.5115604,-39.222534,-36.899693,-19.994005,AC0248-C,training,Anopheles_gambiae
-90.54437,-48.07415,11.080984,-41.28082,-42.88138,-21.533737,BQ0052-C,training,Anopheles_gambiae
-81.496025,-71.54544,29.548553,-38.300957,-49.297638,-24.684221,AC0029-C,training,Anopheles_arabiensis
-80.5,-73.00639,30.84291,-38.51358,-50.463184,-24.840723,BL0305-C,training,Anopheles_arabiensis
-60.027855,17.256777,-26.139677,-43.930023,-24.671492,-20.193874,AA0091-C,training,Anopheles_coluzzii
-81.14632,5.5790253,-24.044748,-49.852043,-31.675428,-23.727276,AG0059-C,training,Anopheles_coluzzii
-80.34481,-75.53809,32.437283,-38.926388,-52.10174,-25.353592,BL0126-C,training,Anopheles_arabiensis
-89.29744,-23.321571,-6.6192923,-44.56092,-37.231766,-22.647995,AN0063-Cx,training,Anopheles_gambiae
-97.6169,8.337715,-30.650145,-59.820786,-37.422688,-28.670637,AZ0295-C,training,Anopheles_coluzzii
-81.52173,15.237807,-30.983809,-54.609985,-32.044144,-25.425032,AA0064-C,training,Anopheles_coluzzii
-78.95758,-32.503345,3.347532,-37.286346,-35.532036,-19.074518,AA0131-C,training,Anopheles_gambiae
-84.65935,-27.69059,-1.772556,-41.58869,-37.174618,-20.815031,BK0037-C,training,Anopheles_gambiae
-75.01187,-28.315746,1.5457641,-36.34008,-33.705833,-18.327547,BK0045-C,training,Anopheles_gambiae
-66.69952,3.9245658,-18.432518,-41.823277,-27.329363,-19.611223,AG0047-C,training,Anopheles_coluzzii
-105.02839,-63.876602,19.37152,-45.446255,-49.518917,-26.23325,BL0386-C,validation,Anopheles_gambiae
-86.64154,-21.570328,-7.015991,-44.21011,-36.65201,-21.948206,BP0069-C,training,Anopheles_gambiae
-94.38468,-18.577677,-11.617358,-48.589195,-38.080338,-24.546951,AZ0258-C,training,Anopheles_gambiae
-82.76743,19.812073,-35.235825,-57.315914,-32.28362,-26.428717,AB0142-C,validation,Anopheles_coluzzii
-91.5045,-20.442106,-9.514019,-46.568077,-37.658283,-23.46887,AK0110-C,training,Intermediate_gambiae_coluzzii
-98.93515,-27.7319,-6.481411,-47.91391,-40.511284,-25.181837,AB0439-C,training,Anopheles_gambiae
-63.95694,15.892796,-26.370996,-45.4041,-25.788982,-20.887867,AB0248-C,training,Anopheles_coluzzii
-90.261215,-25.313675,-5.556507,-44.29042,-37.650974,-22.867662,AN0048-C,training,Anopheles_gambiae
-85.4277,-19.837162,-8.110868,-43.541065,-35.475357,-21.825123,AZ0301-C,training,Anopheles_gambiae
-68.9024,-22.789232,-0.7753505,-34.2782,-31.097157,-17.254425,AN0075-Cx,training,Anopheles_gambiae
-95.70015,-22.350498,-9.47698,-48.017277,-38.88343,-24.58796,AB0315-C,training,Anopheles_gambiae
-100.17453,2.8071623,-27.724491,-58.694305,-38.005856,-28.642738,AB0331-C,training,Anopheles_coluzzii
-102.296555,-58.40924,15.631771,-45.32535,-48.15827,-24.914062,AP0023-C,training,Anopheles_gambiae
-71.873825,-10.227872,-10.846922,-38.668274,-29.063044,-19.774496,AG0450-CW,validation,Anopheles_gambiae
-73.94005,-28.650146,2.066847,-35.95274,-33.893578,-17.935335,AN0077-C,training,Anopheles_gambiae
-63.910957,23.77226,-32.300484,-49.230934,-25.783516,-22.304268,AY0056-C,training,Anopheles_coluzzii
-74.11637,-21.844185,-2.979042,-37.467785,-32.639736,-18.638325,AV0022-C,training,Anopheles_gambiae
-58.71457,6.8340387,-17.98133,-37.830154,-23.668812,-18.223341,AZ0444-CW,training,Anopheles_coluzzii
-83.19954,-43.29651,9.749223,-37.97007,-39.288338,-19.868715,BQ0118-C,training,Anopheles_gambiae
-97.07782,-24.994192,-7.970176,-47.881695,-39.517838,-24.889017,AB0199-C,training,Anopheles_gambiae
-95.47595,-18.861664,-11.760494,-48.957195,-38.33949,-24.859583,AV0082-C,training,Anopheles_gambiae
-59.283157,13.3169,-22.681892,-42.17331,-24.656141,-19.242704,AG0135-C,training,Anopheles_coluzzii
-73.39273,-27.435276,1.300845,-35.74965,-33.23211,-17.993208,AA0062-C,training,Anopheles_gambiae
-69.63847,30.918282,-38.78985,-55.407196,-28.381197,-25.169992,AR0043-C,training,Anopheles_coluzzii
-95.665054,-26.643112,-6.194847,-47.02679,-39.782135,-24.154501,AJ0123-C,training,Anopheles_gambiae
-107.539,-50.46189,8.064732,-47.679653,-47.829365,-25.467539,AK0236-C,training,Anopheles_gambiae
-79.292694,5.6195254,-23.437096,-49.003845,-31.000021,-23.28959,AZ0459-CW,training,Anopheles_coluzzii
-90.587555,2.1042898,-24.452824,-53.280308,-34.867424,-25.918455,AZ0287-C,training,Anopheles_coluzzii
-58.47883,-0.22930875,-13.082723,-35.70582,-25.166195,-17.129156,AJ0039-C,training,Anopheles_gambiae
-87.914825,-31.929775,0.3095656,-42.171513,-38.85835,-21.3012,AC0122-C,training,Anopheles_gambiae
-85.91029,10.061589,-28.352652,-54.62825,-33.21984,-25.732279,AG0406-CW,training,Anopheles_coluzzii
-83.9642,-77.65657,33.17966,-40.37925,-53.527836,-26.570162,BL0135-C,training,Anopheles_arabiensis
-95.48407,-24.041409,-8.195914,-47.262962,-38.843872,-24.479076,AV0407-C,training,Anopheles_gambiae
-78.26526,-14.756037,-9.622935,-40.981068,-31.92667,-20.763983,AV0152-C,training,Anopheles_gambiae
-98.64682,4.282026,-28.296543,-58.146957,-37.253258,-28.530846,AN0487-C,training,Anopheles_coluzzii
-85.318756,4.5647883,-24.475101,-51.49389,-33.061947,-24.752975,AG0209-C,training,Anopheles_coluzzii
-91.23915,5.862023,-27.091978,-55.153824,-34.894417,-26.624805,AB0257-C,training,Anopheles_coluzzii
-87.97964,3.917739,-24.916689,-52.458855,-33.720608,-25.540085,AB0132-C,training,Anopheles_coluzzii
-69.20398,-25.93586,1.3560845,-33.643562,-31.473925,-17.031399,AS0049-C,training,Anopheles_gambiae
-94.811165,3.213574,-26.402294,-55.773438,-36.062763,-27.262732,AZ0343-C,training,Anopheles_coluzzii
-92.16881,0.9691904,-24.123318,-53.60013,-35.235683,-26.27831,AZ0278-C,training,Anopheles_coluzzii
-74.844666,-23.13839,-2.394822,-37.103973,-32.709557,-18.924084,AJ0124-C,training,Anopheles_gambiae
-67.50247,0.31822273,-16.347507,-40.721775,-27.654715,-19.56948,AG0133-C,training,Anopheles_gambiae
-86.18934,-74.08435,30.352478,-40.01122,-50.92027,-25.949118,BL0264-C,training,Anopheles_arabiensis
-57.16041,6.7161927,-17.150898,-37.748367,-23.942867,-17.593805,AG0390-CW,training,Anopheles_coluzzii
-89.68309,-7.69471,-17.763544,-49.391182,-35.067326,-24.798347,AG0124-C,training,Anopheles_gambiae
-88.0208,-17.499996,-10.633205,-45.22193,-35.475044,-23.062857,VBS02095-4431STDY6772813,training,Anopheles_gambiae
-96.5918,-20.610666,-10.810531,-49.148872,-39.2498,-24.77676,AN0585-CW,training,Anopheles_gambiae
-69.592636,-22.221577,-1.3167022,-35.167393,-31.47003,-17.401432,AN0398-CW,training,Anopheles_gambiae
-92.38925,8.285057,-29.008661,-57.232437,-35.601337,-27.243767,BK0035-C,training,Anopheles_coluzzii
-86.84822,7.537609,-26.9043,-53.630867,-33.518036,-25.68459,AV0293-C,training,Anopheles_coluzzii
-101.88493,-44.656567,5.5756373,-46.35946,-45.231754,-24.16996,BL0361-C,training,Anopheles_gambiae
-77.184616,8.914807,-25.105192,-49.69584,-30.484613,-23.29373,AY0039-C,training,Anopheles_coluzzii
-99.26735,-21.20399,-11.269292,-50.371487,-40.008965,-25.609114,AB0119-C,training,Anopheles_gambiae
-102.42958,-50.116356,9.397506,-45.695923,-46.395046,-24.138592,BQ0120-C,training,Anopheles_gambiae
-68.53104,-3.5072467,-14.16454,-39.867393,-28.130974,-19.50266,AG0121-C,training,Anopheles_gambiae
-87.880974,3.1857276,-24.384233,-52.240524,-33.833736,-25.419762,AG0319-C,training,Anopheles_coluzzii
-59.69787,3.1771915,-15.780422,-37.36756,-24.87818,-17.889397,AG0403-CW,training,Anopheles_coluzzii
-73.72261,-4.369365,-15.203226,-42.496902,-30.05304,-20.651863,AJ0117-C,training,Anopheles_gambiae
-87.11612,4.5785894,-25.13354,-52.35744,-33.5464,-25.331503,AG0288-C,training,Anopheles_coluzzii
-94.50604,-18.32019,-11.973201,-48.37208,-37.623074,-24.864946,AV0349-C,training,Anopheles_gambiae
-90.65304,-15.545033,-12.61134,-47.476425,-36.32844,-23.947159,VBS02106-4431STDY6772821,training,Anopheles_gambiae
-90.061035,-21.094582,-8.713676,-45.265533,-36.60815,-23.330326,AB0162-C,training,Anopheles_gambiae
-70.06404,-10.842808,-9.661745,-38.08586,-29.236343,-18.934465,AV0364-C,training,Anopheles_gambiae
-68.934074,-22.830309,-0.818566,-34.17021,-30.765673,-17.304201,AN0626-CW,training,Anopheles_gambiae
-69.887985,-19.152422,-3.7651856,-35.693047,-30.581255,-17.92068,BP0040-C,training,Anopheles_gambiae
-86.80033,-77.69742,32.50884,-41.039696,-53.309948,-26.826452,BL0216-C,training,Anopheles_arabiensis
-87.02249,-33.21178,1.3743645,-41.005043,-38.128147,-21.397202,BL0128-C,training,Anopheles_gambiae
-91.66966,-30.76886,-1.7848619,-43.906574,-39.382072,-22.782476,AC0113-Cx,validation,Anopheles_gambiae
-103.45021,1.0347615,-27.491117,-59.73466,-39.143326,-29.27527,AZ0277-C,training,Anopheles_coluzzii
-70.18816,20.112337,-31.551113,-51.143906,-28.190878,-23.250916,AA0140-C,training,Anopheles_coluzzii
-88.84658,-23.197474,-6.561552,-44.709698,-37.559216,-22.356539,AV0132-C,training,Anopheles_gambiae
-83.27229,-17.94734,-8.67816,-43.061684,-34.797405,-21.427938,AN0582-CW,training,Anopheles_gambiae
-102.0914,-46.837784,6.958821,-45.709335,-45.339893,-24.343393,BL0346-C,training,Anopheles_gambiae
-96.005714,-32.543713,-1.6977309,-45.845467,-41.246105,-23.712118,BL0079-C,training,Anopheles_gambiae
-87.37842,-13.833911,-12.863203,-46.26703,-35.026016,-23.315905,AB0171-Cx,training,Anopheles_gambiae
-64.94763,21.41941,-30.832268,-49.027725,-26.377306,-22.029154,AN0344-C,validation,Anopheles_coluzzii
-66.06615,19.109922,-29.56365,-48.45255,-26.756258,-22.173391,AA0040-C,training,Anopheles_coluzzii
-82.63094,-70.83396,28.789738,-38.63815,-49.091972,-24.40956,BL0061-C,training,Anopheles_arabiensis
-92.04033,-30.375603,-2.125759,-44.210125,-39.482468,-22.89992,AC0295-C,training,Anopheles_gambiae
-85.37867,-30.950195,0.2816952,-40.853317,-37.59235,-20.8241,BL0124-C,training,Anopheles_gambiae
-70.40504,16.525084,-28.824484,-49.073723,-28.181978,-22.73415,AY0092-C,training,Anopheles_coluzzii
-76.63097,14.032192,-28.699745,-51.544643,-30.299406,-23.91715,AG0001-C,validation,Anopheles_coluzzii
-73.86225,-15.224161,-7.57207,-39.19683,-31.514172,-19.25589,BP0049-C,training,Anopheles_gambiae
-95.184525,-47.339535,9.395949,-42.32699,-43.278366,-22.607279,AK0237-C,training,Anopheles_gambiae
-80.67653,-76.50424,32.987602,-38.922066,-52.657673,-25.959242,AK0055-C,training,Anopheles_arabiensis
-78.933044,-25.906,-1.4709593,-38.746536,-34.666836,-19.662203,AV0185-C,validation,Anopheles_gambiae
-72.94313,-26.476707,0.9811457,-36.143322,-33.40204,-17.709044,AN0256-C,training,Anopheles_gambiae
-90.020996,-14.498707,-13.250652,-47.323326,-35.964497,-23.849232,AB0253-C,training,Anopheles_gambiae
-102.33588,-32.45473,-3.724887,-48.91469,-43.12737,-25.396025,AN0078-C,training,Anopheles_gambiae
-58.955997,22.7886,-30.12626,-46.033787,-24.098545,-20.849031,BK0067-C,training,Anopheles_coluzzii
-73.42801,-24.061695,-0.9610321,-36.889885,-32.90276,-18.187014,AN0018-C,training,Anopheles_gambiae
-77.26215,-71.11422,30.373537,-36.95762,-49.06671,-24.291662,AK0042-C,training,Anopheles_arabiensis
-75.624756,-26.018543,-0.20503682,-37.60446,-34.214012,-18.519205,AN0316-C,training,Anopheles_gambiae
-93.12756,-31.93813,-1.2553593,-44.63995,-40.482586,-22.742311,AC0192-C,training,Anopheles_gambiae
-85.48131,-30.874958,0.15044099,-40.778664,-37.404198,-21.052645,AC0090-C,training,Anopheles_gambiae
-69.370895,-26.147518,1.163025,-33.851845,-31.208778,-17.315561,AS0011-C,training,Anopheles_gambiae
-64.74949,24.184767,-32.873913,-49.563946,-25.839497,-22.693464,AA0132-C,training,Anopheles_coluzzii
-88.461525,-5.01047,-19.171679,-49.646156,-34.535603,-24.624588,AG0097-C,training,Anopheles_gambiae
-100.09661,-49.508606,9.470018,-44.6316,-45.584713,-23.62506,BL0387-C,training,Anopheles_gambiae
-96.67282,6.9511843,-29.3943,-58.835285,-36.895283,-28.239288,AB0279-C,training,Anopheles_coluzzii
-91.69345,-46.05611,9.397073,-41.633045,-42.460957,-21.688742,BQ0125-C,training,Anopheles_gambiae
-95.36749,4.4591136,-27.389046,-56.650745,-36.257008,-27.581884,AB0509-C,training,Anopheles_coluzzii
-97.74893,-15.788656,-14.772896,-50.801674,-38.26201,-25.917837,VBS02083-4431STDY6772806,training,Anopheles_gambiae
-70.3139,-22.967539,-0.97161573,-35.50998,-31.969234,-17.459976,BP0017-C,training,Anopheles_gambiae
-103.342545,-56.353336,13.77358,-45.457767,-47.82017,-24.85668,BQ0097-C,training,Anopheles_gambiae
-64.84961,22.791512,-31.83809,-49.35132,-26.203564,-22.362429,AN0619-CW,training,Anopheles_coluzzii
-105.864685,-35.06449,-2.7538679,-50.15459,-44.77712,-26.22396,AC0246-C,training,Anopheles_gambiae
-69.20133,-23.536316,-0.3249051,-34.192024,-31.211658,-17.274899,AN0217-C,training,Anopheles_gambiae
-87.40477,-81.305954,34.655327,-42.043625,-55.886063,-27.644491,AZ0175-C,training,Anopheles_arabiensis
-80.264145,-30.972824,2.022655,-38.591213,-36.0191,-19.408003,AN0179-C,training,Anopheles_gambiae
-72.097565,-61.516876,25.315172,-34.346195,-43.58951,-20.880426,AK0041-C,training,Anopheles_arabiensis
-86.48341,-77.53014,32.506996,-40.899025,-53.234535,-26.74254,BL0084-C,training,Anopheles_arabiensis
-93.82254,-25.284212,-6.8560514,-45.948975,-38.334682,-24.1594,AB0313-C,validation,Anopheles_gambiae
-65.7402,33.57314,-39.335667,-54.474457,-27.812475,-24.69712,AR0066-C,training,Anopheles_coluzzii
-61.839745,-19.654444,-0.7467987,-31.73112,-29.065552,-15.415247,AN0578-CW,training,Anopheles_gambiae
-87.77837,-22.455238,-6.7882824,-44.396336,-37.00144,-22.245478,AV0129-C,training,Anopheles_gambiae
-69.52434,-22.414982,-1.3853017,-34.851578,-31.051853,-17.576382,AA0069-C,training,Anopheles_gambiae
-73.62041,14.865253,-28.470932,-50.360332,-29.275148,-23.261396,AG0297-C,training,Anopheles_coluzzii
-93.79143,6.4707823,-28.211084,-56.93123,-36.04677,-27.299557,AZ0342-C,training,Anopheles_coluzzii
-68.4517,20.368305,-31.357061,-50.453228,-27.588192,-22.901691,AY0091-C,training,Anopheles_coluzzii
-104.73101,-33.91952,-3.2522483,-49.97218,-44.35834,-25.830667,BL0100-C,training,Anopheles_gambiae
-84.139786,11.813653,-29.159546,-54.085377,-32.467953,-25.69309,AV0305-C,training,Anopheles_coluzzii
-92.107025,-53.930443,15.116267,-41.392723,-44.17435,-22.563877,AP0031-C,training,Anopheles_gambiae
-93.18416,3.556078,-26.16942,-55.12199,-35.6524,-26.875694,AZ0280-C,training,Anopheles_coluzzii
-92.39377,-24.180653,-7.1075,-45.863556,-38.332897,-23.463722,BK0030-C,training,Anopheles_gambiae
-93.257706,-15.869806,-13.171447,-48.756756,-37.242775,-24.57308,AB0176-Cx,training,Anopheles_gambiae
-84.94562,-13.042732,-12.646878,-44.904842,-33.916992,-22.646742,AV0334-C,training,Anopheles_gambiae
-105.738464,-49.396606,7.9014845,-47.169712,-47.237595,-24.944427,AK0280-C,training,Anopheles_gambiae
-63.981354,7.8411827,-20.309376,-41.475273,-25.838823,-19.694464,AG0416-CW,training,Anopheles_coluzzii
-73.895035,-68.33249,29.299793,-35.697945,-47.41077,-23.025192,AZ0191-C,training,Anopheles_arabiensis
-77.00258,-28.00259,0.666534,-37.44366,-34.465775,-18.916746,AN0181-C,training,Anopheles_gambiae
-79.34726,-25.531887,-1.8114444,-39.32653,-35.098057,-19.660961,AN0210-Cx,training,Anopheles_gambiae
-82.3805,-13.934883,-11.199395,-43.89898,-33.965366,-21.585556,AB0312-C,validation,Anopheles_gambiae
-72.588104,7.1202044,-22.43826,-46.358345,-29.046215,-21.593124,AN0544-CW,training,Anopheles_coluzzii
-69.16083,8.998572,-22.676397,-45.240158,-27.788757,-21.049816,AA0080-C,training,Anopheles_coluzzii
-94.67445,-25.483238,-6.772727,-46.805183,-39.227203,-23.966764,AB0103-C,training,Anopheles_gambiae
-83.397705,-39.783283,7.196739,-38.400402,-38.444553,-19.833181,AK0212-C,training,Anopheles_gambiae
-81.743866,-25.086643,-2.9330685,-40.59417,-35.777443,-20.335123,AB0303-C,training,Anopheles_gambiae
-75.10184,-31.297558,3.3931277,-35.653366,-34.05341,-18.298115,AS0053-C,training,Anopheles_gambiae
-63.20822,-19.906782,-1.025824,-32.518044,-29.286495,-15.820605,AN0288-Cx,training,Anopheles_gambiae
-100.45792,-19.123993,-13.001074,-51.7975,-40.373,-26.072746,VBS02130-4431STDY6772836,training,Anopheles_gambiae
-99.98415,1.3958093,-26.730118,-57.8804,-37.66311,-28.507746,AB0192-C,training,Anopheles_coluzzii
-87.863434,-10.092043,-15.2876005,-48.262318,-35.73703,-23.41842,AK0070-C,training,Intermediate_gambiae_coluzzii
-75.61638,-29.830248,2.5930252,-37.16888,-34.905567,-18.22608,BP0026-C,training,Anopheles_gambiae
-93.00545,-16.637592,-12.537592,-48.637157,-37.51501,-24.357382,AK0089-C,training,Intermediate_gambiae_coluzzii
-90.44905,-25.801023,-5.0969353,-44.809986,-38.432384,-22.61583,BK0053-C,training,Anopheles_gambiae
-94.77521,-77.97164,30.961002,-43.192772,-53.616047,-27.69975,AZ0251-C,training,Anopheles_arabiensis
-93.25734,-13.337994,-14.880218,-49.56819,-37.025574,-24.838497,AN0276-C,validation,Anopheles_gambiae
-72.73241,20.920818,-32.895855,-52.500835,-28.871721,-24.02936,AA0074-C,training,Anopheles_coluzzii
-98.57149,2.381004,-26.99409,-57.7006,-37.346687,-28.173746,AZ0297-C,training,Anopheles_coluzzii
-95.7585,5.4700646,-28.165245,-57.429745,-36.54327,-27.86606,AZ0272-C,training,Anopheles_coluzzii
-106.088135,-24.590979,-10.969301,-52.69876,-42.51383,-27.24359,AZ0329-C,training,Anopheles_gambiae
-88.7984,1.1743826,-23.5065,-51.667847,-33.865974,-25.547274,AZ0334-C,training,Anopheles_coluzzii
-74.243286,22.77755,-34.90919,-54.287823,-29.227852,-24.89195,BK0014-C,training,Anopheles_coluzzii
-60.13742,26.113327,-32.305477,-47.42034,-24.4934,-21.573471,AR0008-C,training,Anopheles_coluzzii
-66.99349,-17.073292,-4.30486,-35.11602,-29.671753,-17.177744,AA0117-C,training,Anopheles_gambiae
-85.431625,2.8121803,-23.309715,-50.766273,-33.034115,-24.634695,AB0139-C,validation,Anopheles_coluzzii
-100.82214,3.6864498,-28.472898,-59.427094,-38.196926,-28.89645,AZ0275-C,training,Anopheles_coluzzii
-85.33312,-78.41199,33.249813,-41.065,-54.029224,-26.596819,BL0266-C,training,Anopheles_arabiensis
-71.471695,-24.203472,-0.45388144,-35.693935,-32.333538,-17.66096,AC0187-C,training,Anopheles_gambiae
-90.07544,4.421414,-25.805397,-54.11464,-34.745235,-25.975067,AZ0333-C,training,Anopheles_coluzzii
-84.97855,-10.459266,-14.173989,-46.519432,-34.52197,-22.712296,AB0145-C,training,Anopheles_gambiae
-77.340294,20.450523,-33.900757,-54.765865,-30.569239,-25.213934,AA0100-C,training,Anopheles_coluzzii
-119.13672,-61.820076,13.512145,-51.391468,-53.71545,-28.448841,AK0203-C,training,Anopheles_gambiae
-87.29199,-23.620907,-5.7538233,-43.728683,-36.992508,-21.96836,AN0021-C,training,Anopheles_gambiae
-81.425354,8.37635,-25.86017,-50.964622,-31.50465,-24.339264,AB0137-Cx,training,Anopheles_coluzzii
-84.481834,-19.355474,-8.161983,-42.99279,-34.958828,-21.778162,AV0095-C,training,Anopheles_gambiae
-102.95926,-50.311157,9.151874,-46.059223,-46.778233,-24.339401,BL0350-C,training,Anopheles_gambiae
-96.88141,-15.52388,-14.517583,-50.66699,-38.31954,-25.5904,AZ0256-C,training,Anopheles_gambiae
-79.68672,-75.46071,32.583885,-38.843765,-52.2256,-25.297619,BL0157-C,training,Anopheles_arabiensis
-80.48455,-74.3592,31.669785,-38.75186,-51.24887,-25.184805,AC0065-C,training,Anopheles_arabiensis
-85.01921,9.896542,-28.013355,-54.09693,-33.04092,-25.569748,AG0396-CW,training,Anopheles_coluzzii
-91.86609,9.234719,-29.48284,-57.197506,-35.294327,-27.27545,VBS02066-4431STDY6672934,training,Anopheles_coluzzii
-81.08959,-75.341324,32.204597,-39.245453,-51.985546,-25.569664,BL0286-C,training,Anopheles_arabiensis
-64.50073,-21.213661,-0.76406497,-32.196068,-29.316544,-16.243845,AN0107-C,training,Anopheles_gambiae
-85.89235,-77.26227,32.39266,-40.630363,-52.98418,-26.714441,AC0010-C,training,Anopheles_arabiensis
-71.67336,-3.7551363,-14.876254,-41.199768,-29.06516,-20.257935,AJ0131-C,validation,Anopheles_gambiae
-69.36802,-25.943508,1.2431031,-33.95401,-31.500801,-17.10041,AS0018-C,training,Anopheles_gambiae
-90.86333,-21.26906,-8.558638,-46.24688,-37.683582,-23.158182,AJ0125-C,training,Anopheles_gambiae
-82.143234,3.819985,-23.024227,-49.302826,-31.800346,-23.85673,AB0112-C,training,Anopheles_coluzzii
-117.39621,-64.492165,15.910298,-50.70993,-53.867203,-28.42927,AP0011-C,training,Anopheles_gambiae
-93.10176,9.577695,-30.170633,-58.064377,-35.647305,-27.693424,AZ0341-C,training,Anopheles_coluzzii
-98.37169,-16.80702,-14.047983,-51.230007,-39.189087,-25.764318,AB0298-C,training,Anopheles_gambiae
-76.32384,-31.771088,3.6021774,-36.549725,-35.03895,-18.284239,AS0009-C,training,Anopheles_gambiae
-106.10248,-53.250084,10.692989,-47.068855,-48.182037,-25.040787,BQ0047-C,training,Anopheles_gambiae
-67.45698,17.38181,-28.662825,-47.728424,-27.014637,-22.149458,AA0077-C,training,Anopheles_coluzzii
-90.08236,-3.4094212,-20.672806,-51.11115,-35.03106,-25.23936,AG0223-C,training,Anopheles_gambiae
-56.953827,1.7811524,-14.123787,-35.779427,-24.492956,-16.93561,AG0446-CW,validation,Anopheles_gambiae
-88.582,3.4378948,-24.67407,-53.022873,-34.216125,-25.494965,AG0298-C,training,Anopheles_coluzzii
-87.30231,-10.8774395,-14.793534,-47.183323,-35.026024,-23.282679,AN0095-C,training,Anopheles_gambiae
-99.01654,-19.625156,-12.433791,-50.532784,-39.45458,-25.821148,AB0225-C,training,Anopheles_gambiae
-62.452377,-3.323395,-12.238097,-36.849945,-26.673073,-17.69388,AJ0133-C,training,Anopheles_gambiae
-81.67439,-32.49437,2.5892994,-38.81921,-36.567707,-19.790842,BL0112-C,training,Anopheles_gambiae
-35.989944,-7.9771934,-1.6403512,-21.033754,-19.107147,-9.993651,AN0500-CW,training,Anopheles_gambiae
-80.35158,20.989063,-35.31663,-56.221268,-31.30688,-26.040136,AV0265-C,validation,Anopheles_coluzzii
-74.10288,-66.24559,27.869915,-35.39709,-46.001995,-22.50588,BL0256-C,training,Anopheles_arabiensis
-71.775826,-19.591002,-3.9522223,-36.6972,-31.455666,-18.398645,AA0130-C,training,Anopheles_gambiae
-91.09726,-81.00995,33.734318,-42.751415,-55.392944,-28.179506,BL0253-C,training,Anopheles_arabiensis
-87.38455,-78.690506,33.026524,-41.433174,-53.92171,-27.031527,AZ0174-C,training,Anopheles_arabiensis
-65.07272,21.7364,-31.417631,-48.68985,-25.985489,-22.410784,AA0079-C,validation,Anopheles_coluzzii
-98.58282,-26.355867,-7.4506006,-48.103073,-40.092598,-25.307556,AN0060-C,training,Anopheles_gambiae
-76.317375,-24.097467,-2.197569,-37.780045,-33.461193,-19.228615,AN0009-C,training,Anopheles_gambiae
-98.94823,-25.461336,-8.149856,-48.83199,-40.397484,-25.25321,AB0309-C,training,Anopheles_gambiae
-85.00792,-15.43851,-10.985814,-44.647163,-34.624584,-22.361504,AV0092-C,training,Anopheles_gambiae
-94.16502,-52.303337,13.32886,-41.948112,-44.21243,-22.838348,AP0019-C,training,Anopheles_gambiae
-92.104385,-15.033236,-13.499447,-47.849186,-36.39809,-24.332197,AB0173-C,training,Anopheles_gambiae
-97.289024,-52.770264,12.511931,-43.5943,-45.70711,-23.375639,AP0017-Cx,training,Anopheles_gambiae
-105.64278,-21.060087,-13.308584,-53.72855,-41.94207,-27.44069,VBS02093-4431STDY6772811,training,Anopheles_gambiae
-60.006676,22.341282,-30.065441,-46.659847,-24.51699,-21.159224,AV0040-C,training,Anopheles_coluzzii
-84.51635,-22.418716,-5.9127655,-42.327793,-35.5236,-21.57054,AB0388-C,training,Anopheles_gambiae
-89.76729,10.958727,-30.23922,-56.856667,-34.40105,-27.071241,AB0357-C,validation,Anopheles_coluzzii
-79.27634,-21.399792,-4.85056,-40.224133,-34.20742,-19.957281,AN0065-Cx,training,Anopheles_gambiae
-75.769775,-20.608925,-4.4272413,-38.35064,-32.605824,-19.232021,AN0152-C,training,Anopheles_gambiae
-86.95941,-75.0637,30.746075,-40.716766,-51.8527,-25.902386,AZ0168-C,training,Anopheles_arabiensis
-67.3754,17.05796,-28.248358,-48.072357,-27.143255,-22.025478,AA0120-C,training,Anopheles_coluzzii
-67.16872,-3.1498885,-14.053714,-39.131863,-27.77132,-18.961275,AG0136-C,training,Anopheles_gambiae
-64.12388,18.932102,-28.833149,-47.39081,-26.260082,-21.37684,AA0049-C,validation,Anopheles_coluzzii
-61.125664,8.855109,-19.726767,-41.064285,-25.406193,-18.92695,AV0209-CW,validation,Anopheles_coluzzii
-79.93326,-36.22719,5.6494536,-37.21591,-36.71142,-19.018452,AK0213-C,validation,Anopheles_gambiae
-91.74213,-20.683483,-9.597272,-46.192833,-37.042446,-23.885033,AA0133-C,training,Anopheles_gambiae
-76.790726,13.278556,-28.073013,-51.462784,-30.40826,-23.816782,AG0310-C,training,Anopheles_coluzzii
-91.56152,10.016781,-30.093637,-57.476936,-35.0672,-27.318905,VBS02073-4431STDY6672941,training,Anopheles_coluzzii
-79.25482,-23.78931,-3.0063436,-39.856194,-34.831806,-19.753012,AV0137-C,training,Anopheles_gambiae
-92.6138,5.9986033,-27.621979,-55.831146,-35.26923,-27.130611,AZ0292-C,training,Anopheles_coluzzii
-72.088974,7.481141,-22.362558,-46.428955,-29.258501,-21.470308,AG0225-C,training,Anopheles_coluzzii
-62.646484,6.3514094,-18.988068,-40.081818,-25.342897,-19.23856,AG0410-CW,training,Anopheles_coluzzii
-84.33014,-25.89904,-3.2420716,-41.266304,-36.178997,-21.148176,AC0148-C,training,Anopheles_gambiae
-89.96361,3.7396336,-25.290382,-53.76874,-34.595047,-25.907204,AN0493-C,validation,Anopheles_coluzzii
-76.27247,-24.554222,-1.582132,-37.95147,-33.732105,-19.023458,AN0191-C,training,Anopheles_gambiae
-91.80672,-18.644428,-10.829134,-47.217003,-37.324436,-23.795366,AN0071-C,training,Anopheles_gambiae
-101.54671,-19.68175,-13.125295,-51.714813,-40.108112,-26.599749,VBS02119-4431STDY6772831,training,Anopheles_gambiae
-78.03865,-4.6325865,-16.398436,-44.08006,-31.022133,-22.004293,AG0141-C,training,Anopheles_gambiae
-88.64258,-31.830114,0.11792452,-42.38332,-38.801506,-21.634188,AC0232-C,training,Anopheles_gambiae
-89.07907,9.612262,-28.744617,-56.142754,-34.510822,-26.450556,AZ0289-C,training,Anopheles_coluzzii
-95.910995,-19.073013,-11.816098,-49.213196,-38.623737,-24.87795,AB0528-C,validation,Anopheles_gambiae
-99.767296,-16.742601,-14.688211,-51.547005,-39.065804,-26.383543,VBS02127-4431STDY6772833,training,Anopheles_gambiae
-84.708176,-27.335087,-2.0397475,-41.877693,-37.353527,-20.755278,AC0275-C,validation,Anopheles_gambiae
-83.67372,-23.412836,-4.8589344,-41.73527,-35.63755,-21.154299,AV0354-C,training,Anopheles_gambiae
-69.605484,-23.24139,-0.50240177,-34.918682,-31.575462,-17.265747,AN0297-C,training,Anopheles_gambiae
-61.623825,22.135754,-30.48065,-47.32054,-24.97348,-21.567013,AV0207-C,training,Anopheles_coluzzii
-75.39813,-24.427547,-1.5224065,-37.299633,-33.370632,-18.884092,AC0153-C,training,Anopheles_gambiae
-97.543945,-4.979124,-21.7884,-54.45991,-37.540485,-27.03428,AZ0270-C,validation,Anopheles_coluzzii
-70.423134,-25.554737,0.8043495,-34.539173,-31.935398,-17.338127,BK0069-C,training,Anopheles_gambiae
-81.678085,-29.065437,0.06119806,-39.65416,-36.30095,-19.96338,AC0279-C,training,Anopheles_gambiae
-82.40512,13.32742,-29.735817,-54.533566,-32.328613,-25.255247,AZ0340-C,validation,Anopheles_coluzzii
-91.30137,8.244538,-28.745323,-56.486954,-35.088985,-26.9462,AB0204-C,training,Anopheles_coluzzii
-80.67355,-22.950104,-4.1626563,-40.62004,-34.95737,-20.327084,AC0239-C,training,Anopheles_gambiae
-93.62343,0.035316072,-23.96677,-53.998188,-35.912106,-26.512018,AZ0284-C,training,Anopheles_coluzzii
-75.36699,-25.806042,-0.45840782,-36.95923,-33.496952,-18.727028,AV0160-C,training,Anopheles_gambiae
-92.29411,-19.036425,-10.694953,-47.24946,-37.48924,-23.871704,AB0252-C,training,Anopheles_gambiae
-80.7785,-73.53119,30.91594,-38.918304,-50.942173,-24.767252,AZ0155-C,training,Anopheles_arabiensis
-81.87449,-76.92299,32.96549,-39.881912,-53.168392,-25.627722,BL0340-C,training,Anopheles_arabiensis
-89.76003,-22.40045,-7.392844,-45.55684,-37.771523,-22.679441,AC0267-C,validation,Anopheles_gambiae
-86.3078,-16.31636,-10.814155,-44.953278,-35.056774,-22.651072,AN0024-C,training,Anopheles_gambiae
-103.36035,-49.76053,8.7454605,-46.30981,-46.685535,-24.450394,AP0008-C,validation,Anopheles_gambiae
-88.60152,-22.472324,-7.1378083,-44.290676,-36.731007,-22.531208,AN0046-C,validation,Anopheles_gambiae
-70.08577,-26.283863,1.3905119,-34.060524,-32.053814,-17.169237,AN0069-C,training,Anopheles_gambiae
-65.58603,25.197243,-33.88938,-50.972027,-26.331825,-23.157122,AA0098-C,training,Anopheles_coluzzii
-78.18234,-13.087091,-10.487661,-41.70928,-32.39335,-20.67782,AJ0121-C,training,Anopheles_gambiae
-96.3367,-47.301895,9.043136,-42.98077,-43.69557,-22.909504,BL0351-C,training,Anopheles_gambiae
-61.091194,-2.02684,-12.816254,-36.559616,-26.155676,-17.627687,AJ0071-C,training,Anopheles_gambiae
-72.98653,-20.507765,-3.7603436,-37.12062,-31.890453,-18.639803,AA0061-C,training,Anopheles_gambiae
-65.4783,5.6345315,-19.074131,-41.77709,-26.843948,-19.549116,AG0422-CW,training,Anopheles_coluzzii
-81.79303,10.300521,-27.45333,-52.531677,-31.898258,-24.650095,AB0263-C,training,Anopheles_coluzzii
-109.3063,-27.247065,-10.021977,-53.753372,-43.95564,-27.939413,AZ0255-C,training,Anopheles_gambiae
-74.47348,-65.769775,27.558044,-35.33651,-45.683765,-22.473894,AC0085-C,training,Anopheles_arabiensis
-96.279434,-19.726608,-11.252332,-49.4096,-39.14794,-24.846395,AC0194-C,training,Anopheles_gambiae
-98.34122,-31.395428,-3.497408,-46.689247,-41.040436,-24.75787,AZ0260-C,validation,Anopheles_gambiae
-66.18458,31.557407,-38.080814,-53.977585,-27.406586,-24.340328,AR0059-C,training,Anopheles_coluzzii
-90.788345,-21.774673,-8.3366785,-45.629234,-37.25722,-23.368723,AB0459-C,training,Anopheles_gambiae
-79.971725,-20.14187,-5.9680796,-40.91242,-34.160645,-20.33475,AZ0306-C,training,Anopheles_gambiae
-47.489353,12.090398,-18.445211,-34.92101,-20.599586,-15.881679,Acol-558,validation,Anopheles_coluzzii
-42.059475,-16.897305,2.8827093,-22.80016,-22.852493,-10.822827,Agam-30,training,Anopheles_gambiae
-39.242317,-13.985147,1.439098,-21.64618,-21.040993,-10.4460945,Agam-32,training,Anopheles_gambiae
-42.62845,-17.475641,2.9147792,-21.991768,-22.26159,-10.986481,Agam-35,training,Anopheles_gambiae
-26.49517,-10.011653,1.9152153,-15.24326,-15.672356,-7.563714,Agam-37,training,Anopheles_gambiae
-37.200333,-17.446266,4.148593,-19.82964,-20.790474,-9.674396,Agam-38,training,Anopheles_gambiae
-82.14763,-74.00063,31.161364,-39.112743,-50.975445,-25.338732,aarad1,training,Anopheles_arabiensis
-78.6557,11.081203,-27.017557,-50.856865,-30.60084,-24.049034,acolm1,training,Anopheles_coluzzii
-83.308426,-19.012493,-8.141999,-42.33081,-34.245247,-21.775898,agams1,training,Anopheles_gambiae
-60.33276,22.480076,-30.05766,-47.151524,-25.263193,-20.965185,agamp4,training,Intermediate_gambiae_coluzzii
-80.59257,-73.37714,31.169994,-38.433014,-50.56251,-25.10776,sharakhov,training,Anopheles_arabiensis
-47.056236,-50.17135,23.970266,-25.482264,-36.894886,-15.412257,MADA3-54,training,Anopheles_arabiensis
-45.090324,-47.930477,22.990229,-24.153696,-34.989017,-15.0949545,MADA3-78,training,Anopheles_arabiensis
-46.783043,-50.91616,24.324833,-25.428392,-37.2709,-15.584699,MADA3-68,training,Anopheles_arabiensis
-46.13067,-47.976845,22.954208,-24.764002,-35.13628,-15.161405,MADA3-27,training,Anopheles_arabiensis
-48.890495,-50.29097,23.507162,-26.507105,-37.01885,-15.606994,MADA3-23,training,Anopheles_arabiensis
-46.302143,-49.075333,23.52623,-25.00481,-36.02977,-15.257598,MADA3-39,training,Anopheles_arabiensis
-52.94238,-56.12678,26.363468,-28.08299,-40.50537,-17.478004,MADA3-21,training,Anopheles_arabiensis
-55.87072,-56.40307,25.94254,-29.460203,-40.736004,-17.78424,MADA3-61,training,Anopheles_arabiensis
-48.540375,-50.795094,24.107584,-26.00895,-37.14183,-15.79181,MADA3-11,training,Anopheles_arabiensis
-52.66826,-52.988113,24.653046,-27.832697,-38.566402,-16.64259,MADA3-69,training,Anopheles_arabiensis
-54.227276,-57.728188,27.028265,-28.959879,-41.694016,-17.844637,MADA3-71,training,Anopheles_arabiensis
-48.63439,-47.989525,22.347626,-25.426645,-34.84927,-15.288199,MADA3-62,training,Anopheles_arabiensis
-51.166008,-52.69886,24.685526,-27.113382,-38.1368,-16.55057,MADA3-10,validation,Anopheles_arabiensis
-46.85219,-50.486397,24.231466,-25.432169,-37.058907,-15.555764,MADA3-74,training,Anopheles_arabiensis
-45.20403,-47.914433,22.903519,-24.644545,-35.435177,-14.770629,MADA3-36,training,Anopheles_arabiensis
-59.897453,-59.635887,27.04713,-30.977627,-42.590908,-18.999285,MADA3-51,training,Anopheles_arabiensis
-46.3354,-48.380497,22.937538,-25.043127,-35.65478,-14.9521475,MADA3-55,training,Anopheles_arabiensis
-51.006355,-52.687553,24.71175,-27.110641,-38.329266,-16.428837,MADA3-49,training,Anopheles_arabiensis
-55.073486,-56.03833,25.811901,-28.826956,-40.265186,-17.656322,MADA3-66,validation,Anopheles_arabiensis
-51.40223,-49.919945,23.081545,-26.795412,-36.242325,-16.038057,MADA3-59,training,Anopheles_arabiensis
-53.465073,-21.252428,2.6003058,-26.864302,-26.31422,-13.28295,VBS17530,training,Anopheles_gambiae
-62.759766,-36.71639,10.457589,-29.245872,-31.526718,-15.613717,MADA2-26,training,Anopheles_gambiae
-67.63877,-38.62755,10.525302,-31.421963,-33.60844,-16.582134,MADA2-53,training,Anopheles_gambiae
-56.837036,-34.50476,10.594805,-27.90368,-30.35928,-14.149782,MADA2-13,training,Anopheles_gambiae
-49.779964,-31.207554,10.159041,-24.476244,-26.893723,-12.641616,MADA2-27,training,Anopheles_gambiae
-56.463646,-33.811203,10.254805,-27.184126,-29.522285,-14.100969,MADA2-11,training,Anopheles_gambiae
-57.37298,-31.526081,8.49924,-27.477108,-29.098976,-14.155775,MADA2-57,training,Anopheles_gambiae
-49.70504,-29.38274,9.066697,-24.355427,-26.625832,-12.377082,MADA2-23,training,Anopheles_gambiae
-63.244587,-32.78598,7.559023,-30.151392,-31.448278,-15.335569,MADA2-63,training,Anopheles_gambiae
-59.495773,-34.32144,9.800869,-28.016989,-30.198803,-14.73688,MADA2-21,training,Anopheles_gambiae
-60.143776,-35.895252,11.0794,-27.82522,-30.39846,-14.990944,MADA2-3,validation,Anopheles_gambiae
-54.54709,-31.71341,9.166822,-26.192926,-28.461473,-13.536664,MADA2-66,training,Anopheles_gambiae
-62.42424,-35.11591,9.4350815,-29.755234,-31.668781,-15.27886,MADA2-22,training,Anopheles_gambiae
-54.101433,-33.793663,10.676611,-26.070946,-28.780697,-13.645963,MADA2-71,training,Anopheles_gambiae
-47.933594,-19.781876,3.0604756,-25.06022,-25.058323,-12.053196,VBS17536,training,Anopheles_gambiae
-47.84483,-28.186447,8.765847,-23.564444,-25.681532,-11.993176,MADA2-30,training,Anopheles_gambiae
-63.49694,-37.489975,10.878259,-29.626982,-32.05907,-15.719163,MADA2-78,training,Anopheles_gambiae
-49.99059,-26.903557,7.1849155,-24.497095,-25.783207,-12.487217,MADA2-17,training,Anopheles_gambiae
-66.39154,-40.367233,12.155534,-30.699226,-33.55405,-16.516872,MADA2-77,training,Anopheles_gambiae
-62.64592,-38.5598,11.861211,-29.480974,-32.29261,-15.672777,MADA2-70,training,Anopheles_gambiae
-47.981228,-14.706421,-0.5078891,-24.982744,-23.216183,-12.625833,NG-1-49,training,Anopheles_gambiae
-55.103123,-13.865841,-3.2068882,-29.14792,-25.341293,-14.649495,NG-2-22,training,Anopheles_gambiae
-44.453785,-12.785897,-0.589917,-24.857828,-23.113794,-11.653283,NG-3-88,training,Anopheles_gambiae
-68.624756,-10.208263,-9.8400545,-37.17326,-28.512789,-18.812016,NG-6-10,training,Anopheles_gambiae
-62.097565,-16.160881,-3.4455645,-32.48024,-28.049858,-16.13057,NG-1-76,training,Anopheles_gambiae
-36.856712,-6.8573055,-2.525538,-22.052383,-19.694292,-10.402569,NG-1-32,training,Anopheles_gambiae
-57.956306,-24.106262,3.2166674,-28.649378,-28.165947,-14.270193,NG-6-33,training,Anopheles_gambiae
-55.765274,-14.126102,-3.071459,-29.80816,-25.986069,-14.5462885,NG-1-25,validation,Anopheles_gambiae
-51.553795,-15.558298,-0.7962404,-26.91579,-24.652977,-13.31981,NG-3-74,training,Anopheles_gambiae
-54.482693,-14.007682,-2.9374163,-28.710606,-25.114557,-14.486156,NG-6-83,training,Anopheles_gambiae
-69.5241,-10.337051,-9.732318,-38.12704,-29.457752,-18.771332,NG-1-15,validation,Anopheles_gambiae
-68.567795,-18.22584,-4.0973654,-35.338642,-30.092281,-17.538326,NG-4-78,validation,Anopheles_gambiae
-71.65719,-11.462873,-9.625969,-38.506577,-29.57856,-19.515759,NG-1-30,training,Anopheles_gambiae
-51.321377,-6.2673154,-7.1712327,-29.466034,-23.312948,-14.618291,NG-6-53,training,Anopheles_gambiae
-43.802902,-7.952362,-3.6387517,-25.040134,-21.348392,-12.144427,NG-1-11,validation,Anopheles_gambiae
-52.334724,-7.3296256,-6.8446984,-29.513111,-23.284084,-14.727377,NG-3-16,training,Anopheles_gambiae
-55.925053,-21.55309,2.1073635,-27.86647,-26.888096,-13.897196,NG-3-65,training,Anopheles_gambiae
-37.45617,-11.6924715,0.47735286,-20.763708,-20.138762,-10.179812,NG-3-53,training,Anopheles_gambiae
-55.974762,-8.063288,-7.4558496,-31.293718,-24.62711,-15.678612,NG-5-85,training,Anopheles_gambiae
-50.833523,-7.854507,-5.9655766,-28.463627,-23.147644,-14.225157,NG-3-81,training,Anopheles_gambiae
-59.276264,10.141144,-20.291328,-40.723965,-24.863104,-18.700052,NG-1-50,training,Anopheles_coluzzii
-51.183296,13.4574995,-20.656656,-37.696182,-21.844213,-17.2653,NG-1-81,training,Anopheles_coluzzii
-68.988754,9.596492,-23.043486,-45.397095,-27.730394,-21.161808,NG-4-14,training,Anopheles_coluzzii
-62.01191,10.215479,-21.330612,-42.18245,-25.556904,-19.47423,NG-1-26,training,Anopheles_coluzzii
-65.2068,8.91292,-21.456633,-43.261383,-26.517088,-20.060715,NG-6-11,training,Anopheles_coluzzii
-54.244953,3.7299707,-14.429712,-35.02061,-23.518606,-16.44807,NG-6-34,validation,Anopheles_coluzzii
43.55555,-34.701538,27.794264,-16.65557,-60.835316,-6.233683,AmelSAMN01760621,training,Anopheles_melas
40.713623,3.4170775,12.749136,-7.7127943,-28.95414,-7.087006,AmerSAMN01760628,validation,Anopheles_merus
41.486492,3.67065,12.953387,-7.994569,-29.376423,-7.3268366,AmerSAMN01760627,training,Anopheles_merus
31.357414,2.444716,10.184467,-5.0626545,-22.685259,-5.0998616,AmerSAMN01760623,training,Anopheles_merus
33.171436,2.130806,10.834814,-5.8986154,-24.461151,-5.6897163,AmerSAMN01760626,training,Anopheles_merus
31.771389,1.6236106,10.643429,-4.707889,-23.31139,-4.544787,AmerSAMN01760630,validation,Anopheles_merus
40.423073,-37.169945,29.64393,-17.744034,-61.20557,-4.442954,AmelSAMN01760618,validation,Anopheles_melas
-54.370796,66.6961,-53.76361,-59.91986,-32.768898,-27.001707,AtenSAMN15222388,training,Anopheles_tengrela
-56.58969,60.35417,-51.371063,-59.288063,-32.091793,-26.359625,AtenSAMN15222401,training,Anopheles_tengrela
-64.20234,53.00457,-50.519775,-61.267975,-32.398396,-27.592615,AtenSAMN15222411,training,Anopheles_tengrela
-49.77055,58.349636,-47.720963,-54.12294,-29.587845,-24.013533,AtenSAMN15222398,training,Anopheles_tengrela
-56.889793,71.78152,-57.223648,-63.294956,-34.62178,-28.671926,AtenSAMN15222389,training,Anopheles_tengrela
-59.950485,72.32813,-58.839203,-65.786255,-35.78711,-29.665829,AtenSAMN15222400,training,Anopheles_tengrela
-62.481354,67.89081,-57.715553,-65.80466,-35.53111,-29.499166,AtenSAMN15222399,training,Anopheles_tengrela
-33.474354,43.340584,-33.252884,-37.476845,-20.143644,-17.090145,AtenSAMN15222355,training,Anopheles_tengrela
-46.90474,60.57914,-47.479805,-52.496033,-28.670954,-23.77548,AtenSAMN15222392,validation,Anopheles_tengrela
-62.48711,53.060684,-49.98999,-60.305206,-31.90518,-26.953876,AtenSAMN15222386,validation,Anopheles_tengrela
-56.434532,60.550392,-51.682213,-59.183174,-31.837051,-26.291632,AtenSAMN15222396,training,Anopheles_tengrela
-42.75158,53.383163,-42.231956,-47.160492,-25.547516,-21.262928,AtenSAMN15222351,training,Anopheles_tengrela
-51.233322,67.094666,-52.34517,-57.639362,-31.497099,-26.195768,AtenSAMN15222387,validation,Anopheles_tengrela
-62.42054,67.43695,-57.4276,-65.3688,-35.139603,-29.308855,AtenSAMN15222397,training,Anopheles_tengrela
-11.062825,-66.14012,42.267204,-22.743948,-57.862537,-11.536736,SAMN02729259,training,Anopheles_bwambae
-63.00575,64.491936,-56.29873,-64.85422,-34.681343,-28.741446,AtenSAMN15222383,training,Anopheles_tengrela
-35.46893,48.44906,-36.81477,-40.39229,-21.731285,-18.590929,AtenSAMN15222370,training,Anopheles_tengrela
-47.77104,59.671646,-47.63659,-53.241116,-29.081108,-23.848692,AtenSAMN15222360,training,Anopheles_tengrela
-58.355495,64.0366,-54.21763,-61.903767,-33.529007,-27.503885,AtenSAMN15222393,training,Anopheles_tengrela
-55.40633,62.914467,-52.250916,-59.478092,-32.3438,-26.477848,AtenSAMN15222377,training,Anopheles_tengrela
-57.380653,63.86,-53.5616,-61.007896,-33.082047,-27.317709,AtenSAMN15222384,training,Anopheles_tengrela
-58.259975,63.227768,-53.75894,-61.50589,-33.275574,-27.239384,AtenSAMN15222394,training,Anopheles_tengrela
-50.796154,60.43797,-49.29032,-55.605156,-30.437628,-24.827194,AtenSAMN15222353,training,Anopheles_tengrela
-63.606033,63.108624,-55.753525,-64.68337,-34.545315,-28.816504,AtenSAMN15222380,training,Anopheles_tengrela
-29.568872,44.3161,-31.59111,-34.22579,-17.877928,-16.270147,AtenSAMN15222357,training,Anopheles_tengrela
-61.86405,66.72691,-56.971996,-65.05569,-35.13621,-29.000648,AtenSAMN15222390,training,Anopheles_tengrela
-43.58388,54.98555,-43.27137,-48.373627,-26.443727,-21.656054,AtenSAMN15222363,training,Anopheles_tengrela
-39.867523,53.233116,-41.001556,-45.25341,-24.575264,-20.664164,AtenSAMN15222372,training,Anopheles_tengrela
-56.584274,67.051834,-54.86933,-61.767853,-33.78646,-27.668137,AtenSAMN15222381,training,Anopheles_tengrela
-39.95012,48.25599,-38.598377,-43.589806,-23.765873,-19.46169,AtenSAMN15222391,training,Anopheles_tengrela
-50.108006,61.50465,-49.39939,-55.224003,-30.277195,-24.901304,AtenSAMN15222362,training,Anopheles_tengrela
-56.05489,66.36983,-54.483505,-61.256912,-33.37496,-27.377642,AtenSAMN15222385,training,Anopheles_tengrela
-54.256245,61.937073,-51.43448,-58.268436,-31.635658,-25.949991,AtenSAMN15222395,training,Anopheles_tengrela
-55.84133,64.854706,-53.5082,-60.492058,-33.02938,-26.888803,AtenSAMN15222352,training,Anopheles_tengrela
-11.185637,-56.77587,35.89704,-19.27506,-49.037907,-10.628948,SAMN02729260,training,Anopheles_bwambae
-46.44369,60.043533,-47.315388,-52.203712,-28.52334,-23.791813,AtenSAMN15222407,training,Anopheles_tengrela
-51.985374,65.58823,-52.215233,-57.990463,-31.651905,-26.193214,AtenSAMN15222359,training,Anopheles_tengrela
-52.084938,44.803505,-41.526775,-50.405857,-26.586012,-22.404997,AtenSAMN15222378,validation,Anopheles_tengrela
-52.109715,49.142647,-43.903507,-52.544693,-28.127642,-23.025396,AtenSAMN15222402,training,Anopheles_tengrela
-13.536952,-64.09822,40.066963,-21.696508,-54.81612,-12.061683,SAMN02729261,training,Anopheles_bwambae
-56.21163,65.20728,-53.725742,-60.537,-32.78718,-27.323507,AtenSAMN15222358,validation,Anopheles_tengrela
11.889539,-58.374428,40.07997,-20.799986,-62.29448,-5.3905487,AquaSAMN01760635,validation,Anopheles_quadriannulatus
8.278338,-51.023018,35.103798,-17.312933,-53.11822,-5.2274795,AquaSAMN01760640,training,Anopheles_quadriannulatus
13.753841,-53.194073,37.447365,-19.396402,-58.68603,-4.459113,AquaSAMN01760634,training,Anopheles_quadriannulatus
9.854512,-57.1568,39.017567,-19.925245,-59.964222,-5.698587,AquaSAMN01760641,training,Anopheles_quadriannulatus
12.492183,-66.382545,45.362576,-24.215612,-70.33448,-6.167144,AquaSAMN01760633,training,Anopheles_quadriannulatus
11.7451315,-58.889473,40.39335,-20.940342,-62.817986,-5.47202,AquaSAMN01760637,training,Anopheles_quadriannulatus
12.597874,-60.674553,41.69568,-21.867989,-64.96861,-5.51097,AquaSAMN01760642,training,Anopheles_quadriannulatus
11.161967,-47.894913,33.4579,-16.631159,-51.855953,-4.475898,AquaSAMN01760636,training,Anopheles_quadriannulatus
14.55626,-58.61565,40.819553,-21.414751,-64.1541,-5.054825,AquaSAMN01760639,training,Anopheles_quadriannulatus
10.159774,-53.89284,37.04882,-18.69175,-56.859646,-5.210748,AquaSAMN01760638,validation,Anopheles_quadriannulatus
-30.921608,15.45937,-15.887407,-25.98004,-13.944916,-11.701721,Acol-570,training,Anopheles_coluzzii
-73.671906,-31.597553,4.171323,-35.449715,-34.38571,-17.613817,Amar-5,training,Anopheles_gambiae
43.100784,-48.20981,37.643227,-23.155306,-73.85186,-4.232674,anopheles-melas-cm1001059ascaffoldsamelc2,training,Anopheles_melas
48.48938,5.3337464,14.391643,-9.697588,-33.119213,-8.707545,anopheles-merus-mafscaffoldsamerm2,training,Anopheles_merus
12.089353,-67.739655,45.908794,-24.600096,-71.4386,-6.241219,anopheles-quadriannulatus-sangwescaffoldsaquas1,training,Anopheles_quadriannulatus
-67.84014,30.570152,-37.974564,-54.246185,-27.529657,-24.835802,AR0073-C,training,Anopheles_coluzzii
-98.02557,-18.007893,-13.093167,-50.570835,-39.234425,-25.551615,BP0081-C,training,Anopheles_gambiae
-87.43512,-75.79997,30.940947,-40.773872,-52.19978,-26.18453,AZ0165-C,training,Anopheles_arabiensis
-95.40966,6.099823,-28.410908,-57.71792,-36.570694,-27.717901,AV0292-C,training,Anopheles_coluzzii
-85.348785,8.34848,-26.998114,-53.289932,-33.091267,-25.282888,AB0098-Cx,training,Anopheles_coluzzii
-86.03192,-72.98609,29.593838,-39.75018,-50.218815,-25.568628,AB0502-C,validation,Anopheles_arabiensis
-69.33074,10.759246,-23.863716,-46.200203,-27.825998,-21.505928,AG0038-C,training,Anopheles_coluzzii
-79.90384,-74.81223,32.029434,-38.772972,-51.72523,-25.11201,BL0203-C,training,Anopheles_arabiensis
-101.19343,-21.490406,-11.749447,-51.247154,-40.64095,-26.120768,AB0265-C,training,Anopheles_gambiae
-80.14876,-73.48778,31.165783,-38.441666,-50.656624,-25.028606,AC0049-C,validation,Anopheles_arabiensis
-16.85901,-79.29045,48.917183,-27.422518,-67.78227,-14.73228,SRR8285770,training,Anopheles_fontenillei
-16.389498,-70.3233,43.2669,-24.1676,-59.482372,-13.4544735,SRR8285771,training,Anopheles_fontenillei
-15.99957,-78.49558,48.903625,-27.246193,-67.372986,-14.294147,SRR8285772,training,Anopheles_fontenillei
-15.637477,-79.63957,49.424797,-27.49497,-68.20158,-14.344128,SRR8285769,training,Anopheles_fontenillei
